model,prediction_file
Calibrated-LSTM-scale_qlike,outputs/advanced_corrected_context_v2/predictions/calibrated_neural/pred_calibrated_lstm_scale_qlike.csv
Calibrated-LSTM-scale_mean,outputs/advanced_corrected_context_v2/predictions/calibrated_neural/pred_calibrated_lstm_scale_mean.csv
Calibrated-LSTM-affine_nonnegative,outputs/advanced_corrected_context_v2/predictions/calibrated_neural/pred_calibrated_lstm_affine_nonnegative.csv
Calibrated-LSTM-isotonic,outputs/advanced_corrected_context_v2/predictions/calibrated_neural/pred_calibrated_lstm_isotonic.csv
Calibrated-ARIMA-GARCH-LSTM-scale_qlike,outputs/advanced_corrected_context_v2/predictions/calibrated_neural/pred_calibrated_arima_garch_lstm_scale_qlike.csv
Calibrated-ARIMA-GARCH-LSTM-scale_mean,outputs/advanced_corrected_context_v2/predictions/calibrated_neural/pred_calibrated_arima_garch_lstm_scale_mean.csv
Calibrated-ARIMA-GARCH-LSTM-affine_nonnegative,outputs/advanced_corrected_context_v2/predictions/calibrated_neural/pred_calibrated_arima_garch_lstm_affine_nonnegative.csv
Calibrated-ARIMA-GARCH-LSTM-isotonic,outputs/advanced_corrected_context_v2/predictions/calibrated_neural/pred_calibrated_arima_garch_lstm_isotonic.csv
Calibrated-LSTM-QLIKE-scale_qlike,outputs/advanced_corrected_context_v2/predictions/calibrated_neural/pred_calibrated_lstm_qlike_scale_qlike.csv
Calibrated-LSTM-QLIKE-scale_mean,outputs/advanced_corrected_context_v2/predictions/calibrated_neural/pred_calibrated_lstm_qlike_scale_mean.csv
Calibrated-LSTM-QLIKE-affine_nonnegative,outputs/advanced_corrected_context_v2/predictions/calibrated_neural/pred_calibrated_lstm_qlike_affine_nonnegative.csv
Calibrated-LSTM-QLIKE-isotonic,outputs/advanced_corrected_context_v2/predictions/calibrated_neural/pred_calibrated_lstm_qlike_isotonic.csv
Calibrated-Hybrid-QLIKE-scale_qlike,outputs/advanced_corrected_context_v2/predictions/calibrated_neural/pred_calibrated_hybrid_qlike_scale_qlike.csv
Calibrated-Hybrid-QLIKE-scale_mean,outputs/advanced_corrected_context_v2/predictions/calibrated_neural/pred_calibrated_hybrid_qlike_scale_mean.csv
Calibrated-Hybrid-QLIKE-affine_nonnegative,outputs/advanced_corrected_context_v2/predictions/calibrated_neural/pred_calibrated_hybrid_qlike_affine_nonnegative.csv
Calibrated-Hybrid-QLIKE-isotonic,outputs/advanced_corrected_context_v2/predictions/calibrated_neural/pred_calibrated_hybrid_qlike_isotonic.csv
Calibrated-LSTM-LogTarget-scale_qlike,outputs/advanced_corrected_context_v2/predictions/calibrated_neural/pred_calibrated_lstm_logtarget_scale_qlike.csv
Calibrated-LSTM-LogTarget-scale_mean,outputs/advanced_corrected_context_v2/predictions/calibrated_neural/pred_calibrated_lstm_logtarget_scale_mean.csv
Calibrated-LSTM-LogTarget-affine_nonnegative,outputs/advanced_corrected_context_v2/predictions/calibrated_neural/pred_calibrated_lstm_logtarget_affine_nonnegative.csv
Calibrated-LSTM-LogTarget-isotonic,outputs/advanced_corrected_context_v2/predictions/calibrated_neural/pred_calibrated_lstm_logtarget_isotonic.csv
Calibrated-LSTM-LogTarget-Small-scale_qlike,outputs/advanced_corrected_context_v2/predictions/calibrated_neural/pred_calibrated_lstm_logtarget_small_scale_qlike.csv
Calibrated-LSTM-LogTarget-Small-scale_mean,outputs/advanced_corrected_context_v2/predictions/calibrated_neural/pred_calibrated_lstm_logtarget_small_scale_mean.csv
Calibrated-LSTM-LogTarget-Small-affine_nonnegative,outputs/advanced_corrected_context_v2/predictions/calibrated_neural/pred_calibrated_lstm_logtarget_small_affine_nonnegative.csv
Calibrated-LSTM-LogTarget-Small-isotonic,outputs/advanced_corrected_context_v2/predictions/calibrated_neural/pred_calibrated_lstm_logtarget_small_isotonic.csv
Calibrated-Hybrid-LogTarget-scale_qlike,outputs/advanced_corrected_context_v2/predictions/calibrated_neural/pred_calibrated_hybrid_logtarget_scale_qlike.csv
Calibrated-Hybrid-LogTarget-scale_mean,outputs/advanced_corrected_context_v2/predictions/calibrated_neural/pred_calibrated_hybrid_logtarget_scale_mean.csv
Calibrated-Hybrid-LogTarget-affine_nonnegative,outputs/advanced_corrected_context_v2/predictions/calibrated_neural/pred_calibrated_hybrid_logtarget_affine_nonnegative.csv
Calibrated-Hybrid-LogTarget-isotonic,outputs/advanced_corrected_context_v2/predictions/calibrated_neural/pred_calibrated_hybrid_logtarget_isotonic.csv
Calibrated-Hybrid-LogTarget-Small-scale_qlike,outputs/advanced_corrected_context_v2/predictions/calibrated_neural/pred_calibrated_hybrid_logtarget_small_scale_qlike.csv
Calibrated-Hybrid-LogTarget-Small-scale_mean,outputs/advanced_corrected_context_v2/predictions/calibrated_neural/pred_calibrated_hybrid_logtarget_small_scale_mean.csv
Calibrated-Hybrid-LogTarget-Small-affine_nonnegative,outputs/advanced_corrected_context_v2/predictions/calibrated_neural/pred_calibrated_hybrid_logtarget_small_affine_nonnegative.csv
Calibrated-Hybrid-LogTarget-Small-isotonic,outputs/advanced_corrected_context_v2/predictions/calibrated_neural/pred_calibrated_hybrid_logtarget_small_isotonic.csv
