model,var_level,var_distribution,distribution_specific_quantile_available,n_obs,observed_violations,expected_violations,violation_rate,kupiec_stat,kupiec_p_value,christoffersen_independence_stat,christoffersen_independence_p_value,christoffersen_conditional_coverage_stat,christoffersen_conditional_coverage_p_value,violation_cluster_count,max_violation_cluster_length,mean_violation_cluster_length,basel_traffic_light_zone,interpretation,normal_quantile,n00,n01,n10,n11
Calibrated-ARIMA-GARCH-LSTM-scale_mean,0.01,common_normal,False,726,8,7.26,0.011019283746556474,0.07374955596091581,0.7859536730547492,0.17852532210802963,0.6726436302339123,0.25227487806894544,0.8814936868163425,8,1,1.0,green,no_5pct_backtest_rejection,-2.3263478740408408,709,8,8,0
Calibrated-Hybrid-LogTarget-isotonic,0.01,common_normal,False,726,8,7.26,0.011019283746556474,0.07374955596091581,0.7859536730547492,0.17852532210802963,0.6726436302339123,0.25227487806894544,0.8814936868163425,8,1,1.0,green,no_5pct_backtest_rejection,-2.3263478740408408,709,8,8,0
Calibrated-Hybrid-QLIKE-affine_nonnegative,0.01,common_normal,False,726,8,7.26,0.011019283746556474,0.07374955596091581,0.7859536730547492,0.17852532210802963,0.6726436302339123,0.25227487806894544,0.8814936868163425,8,1,1.0,green,no_5pct_backtest_rejection,-2.3263478740408408,709,8,8,0
Calibrated-Hybrid-QLIKE-scale_mean,0.01,common_normal,False,726,8,7.26,0.011019283746556474,0.07374955596091581,0.7859536730547492,0.17852532210802963,0.6726436302339123,0.25227487806894544,0.8814936868163425,8,1,1.0,green,no_5pct_backtest_rejection,-2.3263478740408408,709,8,8,0
Calibrated-LSTM-QLIKE-scale_mean,0.01,common_normal,False,726,8,7.26,0.011019283746556474,0.07374955596091581,0.7859536730547492,0.17852532210802963,0.6726436302339123,0.25227487806894544,0.8814936868163425,8,1,1.0,green,no_5pct_backtest_rejection,-2.3263478740408408,709,8,8,0
Calibrated-Hybrid-LogTarget-scale_mean,0.01,common_normal,False,726,9,7.26,0.012396694214876033,0.3914212480104027,0.5315532780578027,0.22626294172521,0.6343087533076419,0.6176841897356127,0.7342967100913331,9,1,1.0,green,no_5pct_backtest_rejection,-2.3263478740408408,707,9,9,0
Calibrated-Hybrid-QLIKE-scale_qlike,0.01,common_normal,False,726,9,7.26,0.012396694214876033,0.3914212480104027,0.5315532780578027,0.22626294172521,0.6343087533076419,0.6176841897356127,0.7342967100913331,9,1,1.0,green,no_5pct_backtest_rejection,-2.3263478740408408,707,9,9,0
Calibrated-LSTM-LogTarget-Small-isotonic,0.01,common_normal,False,726,9,7.26,0.012396694214876033,0.3914212480104027,0.5315532780578027,0.22626294172521,0.6343087533076419,0.6176841897356127,0.7342967100913331,9,1,1.0,green,no_5pct_backtest_rejection,-2.3263478740408408,707,9,9,0
Calibrated-LSTM-LogTarget-Small-scale_mean,0.01,common_normal,False,726,9,7.26,0.012396694214876033,0.3914212480104027,0.5315532780578027,0.22626294172521,0.6343087533076419,0.6176841897356127,0.7342967100913331,9,1,1.0,green,no_5pct_backtest_rejection,-2.3263478740408408,707,9,9,0
Calibrated-ARIMA-GARCH-LSTM-affine_nonnegative,0.01,common_normal,False,726,10,7.26,0.013774104683195593,0.934564083897385,0.33367975228748753,0.27972939969542665,0.5968786325944905,1.2142934835928116,0.5449034032362579,10,1,1.0,green,no_5pct_backtest_rejection,-2.3263478740408408,705,10,10,0
Calibrated-ARIMA-GARCH-LSTM-scale_qlike,0.01,common_normal,False,726,10,7.26,0.013774104683195593,0.934564083897385,0.33367975228748753,0.27972939969542665,0.5968786325944905,1.2142934835928116,0.5449034032362579,10,1,1.0,green,no_5pct_backtest_rejection,-2.3263478740408408,705,10,10,0
Calibrated-Hybrid-LogTarget-Small-affine_nonnegative,0.01,common_normal,False,726,10,7.26,0.013774104683195593,0.934564083897385,0.33367975228748753,0.27972939969542665,0.5968786325944905,1.2142934835928116,0.5449034032362579,10,1,1.0,green,no_5pct_backtest_rejection,-2.3263478740408408,705,10,10,0
Calibrated-Hybrid-LogTarget-Small-scale_mean,0.01,common_normal,False,726,10,7.26,0.013774104683195593,0.934564083897385,0.33367975228748753,0.27972939969542665,0.5968786325944905,1.2142934835928116,0.5449034032362579,10,1,1.0,green,no_5pct_backtest_rejection,-2.3263478740408408,705,10,10,0
Calibrated-Hybrid-LogTarget-Small-scale_qlike,0.01,common_normal,False,726,10,7.26,0.013774104683195593,0.934564083897385,0.33367975228748753,0.27972939969542665,0.5968786325944905,1.2142934835928116,0.5449034032362579,10,1,1.0,green,no_5pct_backtest_rejection,-2.3263478740408408,705,10,10,0
Calibrated-Hybrid-LogTarget-affine_nonnegative,0.01,common_normal,False,726,10,7.26,0.013774104683195593,0.934564083897385,0.33367975228748753,0.27972939969542665,0.5968786325944905,1.2142934835928116,0.5449034032362579,10,1,1.0,green,no_5pct_backtest_rejection,-2.3263478740408408,705,10,10,0
Calibrated-Hybrid-LogTarget-scale_qlike,0.01,common_normal,False,726,10,7.26,0.013774104683195593,0.934564083897385,0.33367975228748753,0.27972939969542665,0.5968786325944905,1.2142934835928116,0.5449034032362579,10,1,1.0,green,no_5pct_backtest_rejection,-2.3263478740408408,705,10,10,0
Calibrated-LSTM-LogTarget-Small-affine_nonnegative,0.01,common_normal,False,726,10,7.26,0.013774104683195593,0.934564083897385,0.33367975228748753,0.27972939969542665,0.5968786325944905,1.2142934835928116,0.5449034032362579,10,1,1.0,green,no_5pct_backtest_rejection,-2.3263478740408408,705,10,10,0
Calibrated-LSTM-LogTarget-Small-scale_qlike,0.01,common_normal,False,726,10,7.26,0.013774104683195593,0.934564083897385,0.33367975228748753,0.27972939969542665,0.5968786325944905,1.2142934835928116,0.5449034032362579,10,1,1.0,green,no_5pct_backtest_rejection,-2.3263478740408408,705,10,10,0
Calibrated-LSTM-LogTarget-affine_nonnegative,0.01,common_normal,False,726,10,7.26,0.013774104683195593,0.934564083897385,0.33367975228748753,0.27972939969542665,0.5968786325944905,1.2142934835928116,0.5449034032362579,10,1,1.0,green,no_5pct_backtest_rejection,-2.3263478740408408,705,10,10,0
Calibrated-LSTM-LogTarget-scale_mean,0.01,common_normal,False,726,10,7.26,0.013774104683195593,0.934564083897385,0.33367975228748753,0.27972939969542665,0.5968786325944905,1.2142934835928116,0.5449034032362579,10,1,1.0,green,no_5pct_backtest_rejection,-2.3263478740408408,705,10,10,0
Calibrated-LSTM-LogTarget-scale_qlike,0.01,common_normal,False,726,10,7.26,0.013774104683195593,0.934564083897385,0.33367975228748753,0.27972939969542665,0.5968786325944905,1.2142934835928116,0.5449034032362579,10,1,1.0,green,no_5pct_backtest_rejection,-2.3263478740408408,705,10,10,0
Calibrated-LSTM-QLIKE-affine_nonnegative,0.01,common_normal,False,726,10,7.26,0.013774104683195593,0.934564083897385,0.33367975228748753,0.27972939969542665,0.5968786325944905,1.2142934835928116,0.5449034032362579,10,1,1.0,green,no_5pct_backtest_rejection,-2.3263478740408408,705,10,10,0
Calibrated-LSTM-QLIKE-isotonic,0.01,common_normal,False,726,10,7.26,0.013774104683195593,0.934564083897385,0.33367975228748753,0.27972939969542665,0.5968786325944905,1.2142934835928116,0.5449034032362579,10,1,1.0,green,no_5pct_backtest_rejection,-2.3263478740408408,705,10,10,0
Calibrated-LSTM-QLIKE-scale_qlike,0.01,common_normal,False,726,10,7.26,0.013774104683195593,0.934564083897385,0.33367975228748753,0.27972939969542665,0.5968786325944905,1.2142934835928116,0.5449034032362579,10,1,1.0,green,no_5pct_backtest_rejection,-2.3263478740408408,705,10,10,0
Calibrated-LSTM-scale_mean,0.01,common_normal,False,726,10,7.26,0.013774104683195593,0.934564083897385,0.33367975228748753,0.27972939969542665,0.5968786325944905,1.2142934835928116,0.5449034032362579,10,1,1.0,green,no_5pct_backtest_rejection,-2.3263478740408408,705,10,10,0
ComboMean-PoolC_GARCH_CalibratedNeural,0.01,common_normal,False,726,10,7.26,0.013774104683195593,0.934564083897385,0.33367975228748753,0.27972939969542665,0.5968786325944905,1.2142934835928116,0.5449034032362579,10,1,1.0,green,no_5pct_backtest_rejection,-2.3263478740408408,705,10,10,0
ComboMean-PoolD_AllStable,0.01,common_normal,False,726,10,7.26,0.013774104683195593,0.934564083897385,0.33367975228748753,0.27972939969542665,0.5968786325944905,1.2142934835928116,0.5449034032362579,10,1,1.0,green,no_5pct_backtest_rejection,-2.3263478740408408,705,10,10,0
ComboStack-PoolC_GARCH_CalibratedNeural,0.01,common_normal,False,726,10,7.26,0.013774104683195593,0.934564083897385,0.33367975228748753,0.27972939969542665,0.5968786325944905,1.2142934835928116,0.5449034032362579,10,1,1.0,green,no_5pct_backtest_rejection,-2.3263478740408408,705,10,10,0
ComboStack-PoolD_AllStable,0.01,common_normal,False,726,10,7.26,0.013774104683195593,0.934564083897385,0.33367975228748753,0.27972939969542665,0.5968786325944905,1.2142934835928116,0.5449034032362579,10,1,1.0,green,no_5pct_backtest_rejection,-2.3263478740408408,705,10,10,0
Hybrid-QLIKE,0.01,common_normal,False,726,10,7.26,0.013774104683195593,0.934564083897385,0.33367975228748753,0.27972939969542665,0.5968786325944905,1.2142934835928116,0.5449034032362579,10,1,1.0,green,no_5pct_backtest_rejection,-2.3263478740408408,705,10,10,0
ARIMA-GARCH-LSTM,0.01,common_normal,False,726,11,7.26,0.015151515151515152,1.6808348906362909,0.1948135521261446,0.3389489831982928,0.5604365178415512,2.0197838738345837,0.3642583403239205,11,1,1.0,green,no_5pct_backtest_rejection,-2.3263478740408408,703,11,11,0
Calibrated-ARIMA-GARCH-LSTM-isotonic,0.01,common_normal,False,726,11,7.26,0.015151515151515152,1.6808348906362909,0.1948135521261446,0.3389489831982928,0.5604365178415512,2.0197838738345837,0.3642583403239205,11,1,1.0,green,no_5pct_backtest_rejection,-2.3263478740408408,703,11,11,0
Calibrated-Hybrid-QLIKE-isotonic,0.01,common_normal,False,726,11,7.26,0.015151515151515152,1.6808348906362909,0.1948135521261446,0.3389489831982928,0.5604365178415512,2.0197838738345837,0.3642583403239205,11,1,1.0,green,no_5pct_backtest_rejection,-2.3263478740408408,703,11,11,0
Calibrated-LSTM-LogTarget-isotonic,0.01,common_normal,False,726,11,7.26,0.015151515151515152,1.6808348906362909,0.1948135521261446,0.3389489831982928,0.5604365178415512,2.0197838738345837,0.3642583403239205,11,1,1.0,green,no_5pct_backtest_rejection,-2.3263478740408408,703,11,11,0
Calibrated-LSTM-affine_nonnegative,0.01,common_normal,False,726,11,7.26,0.015151515151515152,1.6808348906362909,0.1948135521261446,0.3389489831982928,0.5604365178415512,2.0197838738345837,0.3642583403239205,11,1,1.0,green,no_5pct_backtest_rejection,-2.3263478740408408,703,11,11,0
Calibrated-LSTM-isotonic,0.01,common_normal,False,726,11,7.26,0.015151515151515152,1.6808348906362909,0.1948135521261446,0.3389489831982928,0.5604365178415512,2.0197838738345837,0.3642583403239205,11,1,1.0,green,no_5pct_backtest_rejection,-2.3263478740408408,703,11,11,0
Calibrated-LSTM-scale_qlike,0.01,common_normal,False,726,11,7.26,0.015151515151515152,1.6808348906362909,0.1948135521261446,0.3389489831982928,0.5604365178415512,2.0197838738345837,0.3642583403239205,11,1,1.0,green,no_5pct_backtest_rejection,-2.3263478740408408,703,11,11,0
ComboMean-PoolB_GARCH_Neural,0.01,common_normal,False,726,11,7.26,0.015151515151515152,1.6808348906362909,0.1948135521261446,0.3389489831982928,0.5604365178415512,2.0197838738345837,0.3642583403239205,11,1,1.0,green,no_5pct_backtest_rejection,-2.3263478740408408,703,11,11,0
ComboMedian-PoolB_GARCH_Neural,0.01,common_normal,False,726,11,7.26,0.015151515151515152,1.6808348906362909,0.1948135521261446,0.3389489831982928,0.5604365178415512,2.0197838738345837,0.3642583403239205,11,1,1.0,green,no_5pct_backtest_rejection,-2.3263478740408408,703,11,11,0
ComboMedian-PoolC_GARCH_CalibratedNeural,0.01,common_normal,False,726,11,7.26,0.015151515151515152,1.6808348906362909,0.1948135521261446,0.3389489831982928,0.5604365178415512,2.0197838738345837,0.3642583403239205,11,1,1.0,green,no_5pct_backtest_rejection,-2.3263478740408408,703,11,11,0
ComboMedian-PoolD_AllStable,0.01,common_normal,False,726,11,7.26,0.015151515151515152,1.6808348906362909,0.1948135521261446,0.3389489831982928,0.5604365178415512,2.0197838738345837,0.3642583403239205,11,1,1.0,green,no_5pct_backtest_rejection,-2.3263478740408408,703,11,11,0
ComboPair-GARCH11_HybridQLIKE,0.01,common_normal,False,726,11,7.26,0.015151515151515152,1.6808348906362909,0.1948135521261446,0.3389489831982928,0.5604365178415512,2.0197838738345837,0.3642583403239205,11,1,1.0,green,no_5pct_backtest_rejection,-2.3263478740408408,703,11,11,0
LSTM,0.01,common_normal,False,726,11,7.26,0.015151515151515152,1.6808348906362909,0.1948135521261446,0.3389489831982928,0.5604365178415512,2.0197838738345837,0.3642583403239205,11,1,1.0,green,no_5pct_backtest_rejection,-2.3263478740408408,703,11,11,0
LSTM-QLIKE,0.01,common_normal,False,726,11,7.26,0.015151515151515152,1.6808348906362909,0.1948135521261446,0.3389489831982928,0.5604365178415512,2.0197838738345837,0.3642583403239205,11,1,1.0,green,no_5pct_backtest_rejection,-2.3263478740408408,703,11,11,0
Calibrated-Hybrid-LogTarget-Small-isotonic,0.01,common_normal,False,726,12,7.26,0.01652892561983471,2.6119723527489214,0.106059777579162,0.40394614017773733,0.5250583103770574,3.0159184929266587,0.221361261100397,12,1,1.0,green,no_5pct_backtest_rejection,-2.3263478740408408,701,12,12,0
ComboPair-BestGARCHFamily_HybridQLIKE,0.01,common_normal,False,726,12,7.26,0.01652892561983471,2.6119723527489214,0.106059777579162,0.40394614017773733,0.5250583103770574,3.0159184929266587,0.221361261100397,12,1,1.0,green,no_5pct_backtest_rejection,-2.3263478740408408,701,12,12,0
ComboPair-BestRefitGARCH_HybridQLIKE,0.01,common_normal,False,726,12,7.26,0.01652892561983471,2.6119723527489214,0.106059777579162,0.40394614017773733,0.5250583103770574,3.0159184929266587,0.221361261100397,12,1,1.0,green,no_5pct_backtest_rejection,-2.3263478740408408,701,12,12,0
ComboStack-PoolB_GARCH_Neural,0.01,common_normal,False,726,12,7.26,0.01652892561983471,2.6119723527489214,0.106059777579162,0.40394614017773733,0.5250583103770574,3.0159184929266587,0.221361261100397,12,1,1.0,green,no_5pct_backtest_rejection,-2.3263478740408408,701,12,12,0
Refit-BestAsymmetric-rolling_1000_monthly,0.01,common_normal,False,745,13,7.45,0.0174496644295302,3.4169868730328403,0.06452869084689679,0.46240467651227846,0.4965022836348677,3.879391549545119,0.14374767479529763,13,1,1.0,yellow,no_5pct_backtest_rejection,-2.3263478740408408,718,13,13,0
ComboPair-BestGARCHFamily_BestCalibratedNeural,0.01,common_normal,False,726,13,7.26,0.01790633608815427,3.7127710419654534,0.05399767538208018,0.4747454808122029,0.49081208802247633,4.187516522777656,0.12322315964859797,13,1,1.0,yellow,no_5pct_backtest_rejection,-2.3263478740408408,699,13,13,0
ComboPair-BestRefitGARCH_BestCalibratedNeural,0.01,common_normal,False,726,13,7.26,0.01790633608815427,3.7127710419654534,0.05399767538208018,0.4747454808122029,0.49081208802247633,4.187516522777656,0.12322315964859797,13,1,1.0,yellow,no_5pct_backtest_rejection,-2.3263478740408408,699,13,13,0
ComboStack-PoolA_Econometric,0.01,common_normal,False,745,14,7.45,0.01879194630872483,4.621954223345426,0.031565256211097306,0.5370192233416731,0.46367068898594344,5.158973446687099,0.07581290703342569,14,1,1.0,yellow,reject_unconditional_coverage_5pct,-2.3263478740408408,716,14,14,0
AdvGARCH-BestARIMA,0.01,common_normal,False,745,15,7.45,0.020134228187919462,5.972636421235251,0.01452954207232434,0.6173275152899578,0.43204213507903166,6.5899639365252085,0.03706871345447983,15,1,1.0,yellow,reject_unconditional_coverage_5pct,-2.3263478740408408,714,15,15,0
AdvGARCH-BestAsymmetric,0.01,common_normal,False,745,15,7.45,0.020134228187919462,5.972636421235251,0.01452954207232434,0.6173275152899578,0.43204213507903166,6.5899639365252085,0.03706871345447983,15,1,1.0,yellow,reject_unconditional_coverage_5pct,-2.3263478740408408,714,15,15,0
AdvGARCH-BestHeavyTail,0.01,common_normal,False,745,15,7.45,0.020134228187919462,5.972636421235251,0.01452954207232434,0.6173275152899578,0.43204213507903166,6.5899639365252085,0.03706871345447983,15,1,1.0,yellow,reject_unconditional_coverage_5pct,-2.3263478740408408,714,15,15,0
AdvGARCH-BestQLIKE,0.01,common_normal,False,745,15,7.45,0.020134228187919462,5.972636421235251,0.01452954207232434,0.6173275152899578,0.43204213507903166,6.5899639365252085,0.03706871345447983,15,1,1.0,yellow,reject_unconditional_coverage_5pct,-2.3263478740408408,714,15,15,0
ComboMean-PoolA_Econometric,0.01,common_normal,False,745,15,7.45,0.020134228187919462,5.972636421235251,0.01452954207232434,0.6173275152899578,0.43204213507903166,6.5899639365252085,0.03706871345447983,15,1,1.0,yellow,reject_unconditional_coverage_5pct,-2.3263478740408408,714,15,15,0
ComboMedian-PoolA_Econometric,0.01,common_normal,False,745,15,7.45,0.020134228187919462,5.972636421235251,0.01452954207232434,0.6173275152899578,0.43204213507903166,6.5899639365252085,0.03706871345447983,15,1,1.0,yellow,reject_unconditional_coverage_5pct,-2.3263478740408408,714,15,15,0
Refit-BestGARCHFamily-fixed_train_only,0.01,common_normal,False,745,15,7.45,0.020134228187919462,5.972636421235251,0.01452954207232434,0.6173275152899578,0.43204213507903166,6.5899639365252085,0.03706871345447983,15,1,1.0,yellow,reject_unconditional_coverage_5pct,-2.3263478740408408,714,15,15,0
Refit-OriginalARIMAGARCH-expanding_quarterly,0.01,common_normal,False,745,15,7.45,0.020134228187919462,5.972636421235251,0.01452954207232434,0.6173275152899578,0.43204213507903166,6.5899639365252085,0.03706871345447983,15,1,1.0,yellow,reject_unconditional_coverage_5pct,-2.3263478740408408,714,15,15,0
Refit-OriginalGARCH-expanding_quarterly,0.01,common_normal,False,745,15,7.45,0.020134228187919462,5.972636421235251,0.01452954207232434,0.6173275152899578,0.43204213507903166,6.5899639365252085,0.03706871345447983,15,1,1.0,yellow,reject_unconditional_coverage_5pct,-2.3263478740408408,714,15,15,0
ARIMA-GARCH,0.01,common_normal,False,745,16,7.45,0.021476510067114093,7.4594906207769895,0.006310286031210278,0.7033533335125526,0.4016592144647607,8.162843954289542,0.016883440708480166,16,1,1.0,yellow,reject_unconditional_coverage_5pct,-2.3263478740408408,712,16,16,0
AdvGARCH-BestSymmetric,0.01,common_normal,False,745,16,7.45,0.021476510067114093,7.4594906207769895,0.006310286031210278,0.7033533335125526,0.4016592144647607,8.162843954289542,0.016883440708480166,16,1,1.0,yellow,reject_unconditional_coverage_5pct,-2.3263478740408408,712,16,16,0
ComboPair-GARCH11_ARIMAGARCH,0.01,common_normal,False,745,16,7.45,0.021476510067114093,7.4594906207769895,0.006310286031210278,0.7033533335125526,0.4016592144647607,8.162843954289542,0.016883440708480166,16,1,1.0,yellow,reject_unconditional_coverage_5pct,-2.3263478740408408,712,16,16,0
"GARCH(1,1)",0.01,common_normal,False,745,16,7.45,0.021476510067114093,7.4594906207769895,0.006310286031210278,0.7033533335125526,0.4016592144647607,8.162843954289542,0.016883440708480166,16,1,1.0,yellow,reject_unconditional_coverage_5pct,-2.3263478740408408,712,16,16,0
HAR-Parkinson,0.01,common_normal,False,745,16,7.45,0.021476510067114093,7.4594906207769895,0.006310286031210278,0.7033533335125526,0.4016592144647607,8.162843954289542,0.016883440708480166,16,1,1.0,yellow,reject_unconditional_coverage_5pct,-2.3263478740408408,712,16,16,0
HistoricalMean,0.01,common_normal,False,745,17,7.45,0.022818791946308724,9.074169813035581,0.002592452421968538,0.7142291718981539,0.39804339438559333,9.788398984933735,0.00748990254814017,16,2,1.0625,yellow,reject_unconditional_coverage_5pct,-2.3263478740408408,711,16,16,1
EWMA(lambda=0.90),0.01,common_normal,False,745,18,7.45,0.024161073825503355,10.80931125901779,0.001009908666537184,0.8926534507039605,0.34475925951967723,11.70196470972175,0.0028770714642782423,18,1,1.0,yellow,reject_unconditional_coverage_5pct,-2.3263478740408408,708,18,18,0
RollingVol-20,0.01,common_normal,False,745,20,7.45,0.026845637583892617,14.615499522995208,0.0001318258509465679,1.105112953089673,0.2931467566868951,15.72061247608488,0.0003857557202051674,20,1,1.0,red,reject_unconditional_coverage_5pct,-2.3263478740408408,704,20,20,0
RollingVol-10,0.01,common_normal,False,745,27,7.45,0.036241610738255034,30.95447886092498,2.6415179001714407e-08,2.033953667876375,0.15382000552204395,32.988432528801354,6.865195245653906e-08,27,1,1.0,red,reject_unconditional_coverage_5pct,-2.3263478740408408,690,27,27,0
RollingVol-5,0.01,common_normal,False,745,45,7.45,0.06040268456375839,88.70539468838189,4.5821392356849956e-21,0.6041998398328019,0.4369800687513429,89.30959452821469,4.042666891203099e-20,41,2,1.0975609756097562,red,reject_unconditional_coverage_5pct,-2.3263478740408408,658,41,41,4
Hybrid-LogTarget,0.01,common_normal,False,726,47,7.26,0.06473829201101929,98.32909783178638,3.5432110912170507e-23,4.7016023381415835,0.030134510539871876,103.03070016992797,4.238066088111726e-23,40,2,1.175,red,reject_unconditional_coverage_5pct,-2.3263478740408408,639,39,40,7
Hybrid-LogTarget-Small,0.01,common_normal,False,726,48,7.26,0.06611570247933884,102.20099124093474,5.016479870753921e-24,6.487980903035179,0.01086062630064304,108.68897214396992,2.503165572474549e-24,40,3,1.2,red,reject_unconditional_coverage_5pct,-2.3263478740408408,638,39,40,8
LSTM-LogTarget-Small,0.01,common_normal,False,726,52,7.26,0.07162534435261708,118.1264667899357,1.6267781418588974e-27,12.002451292294552,0.0005313062118503394,130.12891808223026,5.531774530839239e-29,41,4,1.2682926829268293,red,reject_unconditional_coverage_5pct,-2.3263478740408408,633,40,41,11
LSTM-LogTarget,0.01,common_normal,False,726,56,7.26,0.07713498622589532,134.71541330700666,3.810527114793049e-31,3.209364396204194,0.07321792092063831,137.92477770321085,1.122057370578221e-30,48,3,1.1666666666666667,red,reject_unconditional_coverage_5pct,-2.3263478740408408,622,47,48,8
Calibrated-LSTM-LogTarget-isotonic,0.025,common_normal,False,726,17,18.150000000000002,0.023415977961432508,0.07632195646118589,0.7823450834635974,0.7678888212350898,0.38087095576194707,0.8442107776962757,0.6556649359797737,17,1,1.0,not_applicable,no_5pct_backtest_rejection,-1.9599639845400538,692,16,17,0
Refit-BestAsymmetric-rolling_1000_monthly,0.025,common_normal,False,745,20,18.625,0.026845637583892617,0.10170483767225846,0.7497932754055401,0.3388699802350743,0.5604822180655944,0.44057481790733277,0.8022881800168772,19,2,1.0526315789473684,not_applicable,no_5pct_backtest_rejection,-1.9599639845400538,705,19,19,1
HAR-Parkinson,0.025,common_normal,False,745,17,18.625,0.022818791946308724,0.14972435174232146,0.6987989169042421,0.7951206143451657,0.37255624146565014,0.9448449660874871,0.6234900432947121,17,1,1.0,not_applicable,no_5pct_backtest_rejection,-1.9599639845400538,710,17,17,0
ComboMean-PoolC_GARCH_CalibratedNeural,0.025,common_normal,False,726,16,18.150000000000002,0.02203856749311295,0.2719049056194649,0.6020567986214564,0.722205171338743,0.3954215242649438,0.9941100769582079,0.6083195019095939,16,1,1.0,not_applicable,no_5pct_backtest_rejection,-1.9599639845400538,693,16,16,0
ComboMedian-PoolC_GARCH_CalibratedNeural,0.025,common_normal,False,726,16,18.150000000000002,0.02203856749311295,0.2719049056194649,0.6020567986214564,0.722205171338743,0.3954215242649438,0.9941100769582079,0.6083195019095939,16,1,1.0,not_applicable,no_5pct_backtest_rejection,-1.9599639845400538,693,16,16,0
Refit-OriginalARIMAGARCH-expanding_quarterly,0.025,common_normal,False,745,21,18.625,0.028187919463087248,0.29851620739438545,0.5848141240990795,0.24807634983974935,0.6184328474396162,0.5465925572341348,0.760867325511807,20,2,1.05,not_applicable,no_5pct_backtest_rejection,-1.9599639845400538,703,20,20,1
Refit-OriginalGARCH-expanding_quarterly,0.025,common_normal,False,745,21,18.625,0.028187919463087248,0.29851620739438545,0.5848141240990795,0.24807634983974935,0.6184328474396162,0.5465925572341348,0.760867325511807,20,2,1.05,not_applicable,no_5pct_backtest_rejection,-1.9599639845400538,703,20,20,1
ARIMA-GARCH,0.025,common_normal,False,745,22,18.625,0.02953020134228188,0.5933641300923114,0.44112117105692916,0.17266520488945503,0.6777539371686541,0.7660293349817664,0.6818028988748468,21,2,1.0476190476190477,not_applicable,no_5pct_backtest_rejection,-1.9599639845400538,701,21,21,1
AdvGARCH-BestSymmetric,0.025,common_normal,False,745,22,18.625,0.02953020134228188,0.5933641300923114,0.44112117105692916,0.17266520488945503,0.6777539371686541,0.7660293349817664,0.6818028988748468,21,2,1.0476190476190477,not_applicable,no_5pct_backtest_rejection,-1.9599639845400538,701,21,21,1
ComboMean-PoolA_Econometric,0.025,common_normal,False,745,22,18.625,0.02953020134228188,0.5933641300923114,0.44112117105692916,0.17266520488945503,0.6777539371686541,0.7660293349817664,0.6818028988748468,21,2,1.0476190476190477,not_applicable,no_5pct_backtest_rejection,-1.9599639845400538,701,21,21,1
ComboMedian-PoolA_Econometric,0.025,common_normal,False,745,22,18.625,0.02953020134228188,0.5933641300923114,0.44112117105692916,0.17266520488945503,0.6777539371686541,0.7660293349817664,0.6818028988748468,21,2,1.0476190476190477,not_applicable,no_5pct_backtest_rejection,-1.9599639845400538,701,21,21,1
ComboPair-GARCH11_ARIMAGARCH,0.025,common_normal,False,745,22,18.625,0.02953020134228188,0.5933641300923114,0.44112117105692916,0.17266520488945503,0.6777539371686541,0.7660293349817664,0.6818028988748468,21,2,1.0476190476190477,not_applicable,no_5pct_backtest_rejection,-1.9599639845400538,701,21,21,1
ComboStack-PoolA_Econometric,0.025,common_normal,False,745,22,18.625,0.02953020134228188,0.5933641300923114,0.44112117105692916,0.17266520488945503,0.6777539371686541,0.7660293349817664,0.6818028988748468,21,2,1.0476190476190477,not_applicable,no_5pct_backtest_rejection,-1.9599639845400538,701,21,21,1
"GARCH(1,1)",0.025,common_normal,False,745,22,18.625,0.02953020134228188,0.5933641300923114,0.44112117105692916,0.17266520488945503,0.6777539371686541,0.7660293349817664,0.6818028988748468,21,2,1.0476190476190477,not_applicable,no_5pct_backtest_rejection,-1.9599639845400538,701,21,21,1
HistoricalMean,0.025,common_normal,False,745,22,18.625,0.02953020134228188,0.5933641300923114,0.44112117105692916,0.17266520488945503,0.6777539371686541,0.7660293349817664,0.6818028988748468,21,2,1.0476190476190477,not_applicable,no_5pct_backtest_rejection,-1.9599639845400538,701,21,21,1
Calibrated-Hybrid-LogTarget-Small-affine_nonnegative,0.025,common_normal,False,726,15,18.150000000000002,0.02066115702479339,0.5953862647491803,0.4403438094227753,0.6338499738840255,0.4259466249706193,1.2292362386332059,0.5408473950505113,15,1,1.0,not_applicable,no_5pct_backtest_rejection,-1.9599639845400538,695,15,15,0
Calibrated-Hybrid-LogTarget-Small-isotonic,0.025,common_normal,False,726,15,18.150000000000002,0.02066115702479339,0.5953862647491803,0.4403438094227753,0.6338499738840255,0.4259466249706193,1.2292362386332059,0.5408473950505113,15,1,1.0,not_applicable,no_5pct_backtest_rejection,-1.9599639845400538,695,15,15,0
Calibrated-Hybrid-LogTarget-Small-scale_mean,0.025,common_normal,False,726,15,18.150000000000002,0.02066115702479339,0.5953862647491803,0.4403438094227753,0.6338499738840255,0.4259466249706193,1.2292362386332059,0.5408473950505113,15,1,1.0,not_applicable,no_5pct_backtest_rejection,-1.9599639845400538,695,15,15,0
Calibrated-Hybrid-LogTarget-Small-scale_qlike,0.025,common_normal,False,726,15,18.150000000000002,0.02066115702479339,0.5953862647491803,0.4403438094227753,0.6338499738840255,0.4259466249706193,1.2292362386332059,0.5408473950505113,15,1,1.0,not_applicable,no_5pct_backtest_rejection,-1.9599639845400538,695,15,15,0
ComboPair-BestGARCHFamily_BestCalibratedNeural,0.025,common_normal,False,726,15,18.150000000000002,0.02066115702479339,0.5953862647491803,0.4403438094227753,0.6338499738840255,0.4259466249706193,1.2292362386332059,0.5408473950505113,15,1,1.0,not_applicable,no_5pct_backtest_rejection,-1.9599639845400538,695,15,15,0
ComboPair-BestGARCHFamily_HybridQLIKE,0.025,common_normal,False,726,15,18.150000000000002,0.02066115702479339,0.5953862647491803,0.4403438094227753,0.6338499738840255,0.4259466249706193,1.2292362386332059,0.5408473950505113,15,1,1.0,not_applicable,no_5pct_backtest_rejection,-1.9599639845400538,695,15,15,0
ComboPair-BestRefitGARCH_BestCalibratedNeural,0.025,common_normal,False,726,15,18.150000000000002,0.02066115702479339,0.5953862647491803,0.4403438094227753,0.6338499738840255,0.4259466249706193,1.2292362386332059,0.5408473950505113,15,1,1.0,not_applicable,no_5pct_backtest_rejection,-1.9599639845400538,695,15,15,0
ComboPair-BestRefitGARCH_HybridQLIKE,0.025,common_normal,False,726,15,18.150000000000002,0.02066115702479339,0.5953862647491803,0.4403438094227753,1.0273102166870274,0.31079125871247393,1.6226964814362077,0.4442586946036863,14,2,1.0714285714285714,not_applicable,no_5pct_backtest_rejection,-1.9599639845400538,696,14,14,1
ComboStack-PoolB_GARCH_Neural,0.025,common_normal,False,726,15,18.150000000000002,0.02066115702479339,0.5953862647491803,0.4403438094227753,1.0273102166870274,0.31079125871247393,1.6226964814362077,0.4442586946036863,14,2,1.0714285714285714,not_applicable,no_5pct_backtest_rejection,-1.9599639845400538,696,14,14,1
ComboStack-PoolC_GARCH_CalibratedNeural,0.025,common_normal,False,726,15,18.150000000000002,0.02066115702479339,0.5953862647491803,0.4403438094227753,0.6338499738840255,0.4259466249706193,1.2292362386332059,0.5408473950505113,15,1,1.0,not_applicable,no_5pct_backtest_rejection,-1.9599639845400538,695,15,15,0
ComboStack-PoolD_AllStable,0.025,common_normal,False,726,15,18.150000000000002,0.02066115702479339,0.5953862647491803,0.4403438094227753,0.6338499738840255,0.4259466249706193,1.2292362386332059,0.5408473950505113,15,1,1.0,not_applicable,no_5pct_backtest_rejection,-1.9599639845400538,695,15,15,0
Calibrated-ARIMA-GARCH-LSTM-isotonic,0.025,common_normal,False,726,14,18.150000000000002,0.01928374655647383,1.0551128390958695,0.30433248566223486,0.5513717790036594,0.4577577271187818,1.606484618099529,0.4478744600006874,14,1,1.0,not_applicable,no_5pct_backtest_rejection,-1.9599639845400538,697,14,14,0
Calibrated-Hybrid-LogTarget-isotonic,0.025,common_normal,False,726,14,18.150000000000002,0.01928374655647383,1.0551128390958695,0.30433248566223486,0.5513717790036594,0.4577577271187818,1.606484618099529,0.4478744600006874,14,1,1.0,not_applicable,no_5pct_backtest_rejection,-1.9599639845400538,697,14,14,0
Calibrated-Hybrid-QLIKE-isotonic,0.025,common_normal,False,726,14,18.150000000000002,0.01928374655647383,1.0551128390958695,0.30433248566223486,0.5513717790036594,0.4577577271187818,1.606484618099529,0.4478744600006874,14,1,1.0,not_applicable,no_5pct_backtest_rejection,-1.9599639845400538,697,14,14,0
Calibrated-LSTM-isotonic,0.025,common_normal,False,726,14,18.150000000000002,0.01928374655647383,1.0551128390958695,0.30433248566223486,0.5513717790036594,0.4577577271187818,1.606484618099529,0.4478744600006874,14,1,1.0,not_applicable,no_5pct_backtest_rejection,-1.9599639845400538,697,14,14,0
ComboPair-GARCH11_HybridQLIKE,0.025,common_normal,False,726,14,18.150000000000002,0.01928374655647383,1.0551128390958695,0.30433248566223486,0.5513717790036594,0.4577577271187818,1.606484618099529,0.4478744600006874,14,1,1.0,not_applicable,no_5pct_backtest_rejection,-1.9599639845400538,697,14,14,0
LSTM,0.025,common_normal,False,726,14,18.150000000000002,0.01928374655647383,1.0551128390958695,0.30433248566223486,1.2365327646788273,0.2661403224439479,2.291645603774697,0.3179621902399889,13,2,1.0769230769230769,not_applicable,no_5pct_backtest_rejection,-1.9599639845400538,698,13,13,1
LSTM-QLIKE,0.025,common_normal,False,726,14,18.150000000000002,0.01928374655647383,1.0551128390958695,0.30433248566223486,1.2365327646788273,0.2661403224439479,2.291645603774697,0.3179621902399889,13,2,1.0769230769230769,not_applicable,no_5pct_backtest_rejection,-1.9599639845400538,698,13,13,1
AdvGARCH-BestARIMA,0.025,common_normal,False,745,24,18.625,0.032214765100671144,1.4602273468692886,0.22689395095445766,0.06473199479907521,0.7991673693521846,1.5249593416683638,0.46650820480910205,23,2,1.0434782608695652,not_applicable,no_5pct_backtest_rejection,-1.9599639845400538,697,23,23,1
AdvGARCH-BestAsymmetric,0.025,common_normal,False,745,24,18.625,0.032214765100671144,1.4602273468692886,0.22689395095445766,0.06473199479907521,0.7991673693521846,1.5249593416683638,0.46650820480910205,23,2,1.0434782608695652,not_applicable,no_5pct_backtest_rejection,-1.9599639845400538,697,23,23,1
AdvGARCH-BestHeavyTail,0.025,common_normal,False,745,24,18.625,0.032214765100671144,1.4602273468692886,0.22689395095445766,0.06473199479907521,0.7991673693521846,1.5249593416683638,0.46650820480910205,23,2,1.0434782608695652,not_applicable,no_5pct_backtest_rejection,-1.9599639845400538,697,23,23,1
AdvGARCH-BestQLIKE,0.025,common_normal,False,745,24,18.625,0.032214765100671144,1.4602273468692886,0.22689395095445766,0.06473199479907521,0.7991673693521846,1.5249593416683638,0.46650820480910205,23,2,1.0434782608695652,not_applicable,no_5pct_backtest_rejection,-1.9599639845400538,697,23,23,1
Refit-BestGARCHFamily-fixed_train_only,0.025,common_normal,False,745,24,18.625,0.032214765100671144,1.4602273468692886,0.22689395095445766,0.06473199479907521,0.7991673693521846,1.5249593416683638,0.46650820480910205,23,2,1.0434782608695652,not_applicable,no_5pct_backtest_rejection,-1.9599639845400538,697,23,23,1
Calibrated-Hybrid-LogTarget-affine_nonnegative,0.025,common_normal,False,726,13,18.150000000000002,0.01790633608815427,1.6606272717417596,0.19751865217387227,0.4747454808122029,0.49081208802247633,2.1353727525539625,0.3438030288075944,13,1,1.0,not_applicable,no_5pct_backtest_rejection,-1.9599639845400538,699,13,13,0
Calibrated-Hybrid-LogTarget-scale_qlike,0.025,common_normal,False,726,13,18.150000000000002,0.01790633608815427,1.6606272717417596,0.19751865217387227,0.4747454808122029,0.49081208802247633,2.1353727525539625,0.3438030288075944,13,1,1.0,not_applicable,no_5pct_backtest_rejection,-1.9599639845400538,699,13,13,0
Calibrated-LSTM-QLIKE-isotonic,0.025,common_normal,False,726,13,18.150000000000002,0.01790633608815427,1.6606272717417596,0.19751865217387227,0.4747454808122029,0.49081208802247633,2.1353727525539625,0.3438030288075944,13,1,1.0,not_applicable,no_5pct_backtest_rejection,-1.9599639845400538,699,13,13,0
Calibrated-LSTM-QLIKE-scale_qlike,0.025,common_normal,False,726,13,18.150000000000002,0.01790633608815427,1.6606272717417596,0.19751865217387227,1.4736295005619695,0.2247739122417759,3.134256772303729,0.208643466392947,12,2,1.0833333333333333,not_applicable,no_5pct_backtest_rejection,-1.9599639845400538,700,12,12,1
ComboMean-PoolB_GARCH_Neural,0.025,common_normal,False,726,13,18.150000000000002,0.01790633608815427,1.6606272717417596,0.19751865217387227,0.4747454808122029,0.49081208802247633,2.1353727525539625,0.3438030288075944,13,1,1.0,not_applicable,no_5pct_backtest_rejection,-1.9599639845400538,699,13,13,0
ARIMA-GARCH-LSTM,0.025,common_normal,False,726,12,18.150000000000002,0.01652892561983471,2.4229449905351146,0.11956995337514816,0.40394614017773733,0.5250583103770574,2.826891130712852,0.24330351907680536,12,1,1.0,not_applicable,no_5pct_backtest_rejection,-1.9599639845400538,701,12,12,0
Calibrated-Hybrid-LogTarget-scale_mean,0.025,common_normal,False,726,12,18.150000000000002,0.01652892561983471,2.4229449905351146,0.11956995337514816,0.40394614017773733,0.5250583103770574,2.826891130712852,0.24330351907680536,12,1,1.0,not_applicable,no_5pct_backtest_rejection,-1.9599639845400538,701,12,12,0
Calibrated-Hybrid-QLIKE-affine_nonnegative,0.025,common_normal,False,726,12,18.150000000000002,0.01652892561983471,2.4229449905351146,0.11956995337514816,0.40394614017773733,0.5250583103770574,2.826891130712852,0.24330351907680536,12,1,1.0,not_applicable,no_5pct_backtest_rejection,-1.9599639845400538,701,12,12,0
Calibrated-Hybrid-QLIKE-scale_qlike,0.025,common_normal,False,726,12,18.150000000000002,0.01652892561983471,2.4229449905351146,0.11956995337514816,0.40394614017773733,0.5250583103770574,2.826891130712852,0.24330351907680536,12,1,1.0,not_applicable,no_5pct_backtest_rejection,-1.9599639845400538,701,12,12,0
Calibrated-LSTM-LogTarget-Small-affine_nonnegative,0.025,common_normal,False,726,12,18.150000000000002,0.01652892561983471,2.4229449905351146,0.11956995337514816,1.7422605832495606,0.18685265063595188,4.165205573784675,0.1246054682827502,11,2,1.0909090909090908,not_applicable,no_5pct_backtest_rejection,-1.9599639845400538,702,11,11,1
Calibrated-LSTM-LogTarget-Small-scale_qlike,0.025,common_normal,False,726,12,18.150000000000002,0.01652892561983471,2.4229449905351146,0.11956995337514816,1.7422605832495606,0.18685265063595188,4.165205573784675,0.1246054682827502,11,2,1.0909090909090908,not_applicable,no_5pct_backtest_rejection,-1.9599639845400538,702,11,11,1
Calibrated-LSTM-LogTarget-affine_nonnegative,0.025,common_normal,False,726,12,18.150000000000002,0.01652892561983471,2.4229449905351146,0.11956995337514816,0.40394614017773733,0.5250583103770574,2.826891130712852,0.24330351907680536,12,1,1.0,not_applicable,no_5pct_backtest_rejection,-1.9599639845400538,701,12,12,0
Calibrated-LSTM-LogTarget-scale_mean,0.025,common_normal,False,726,12,18.150000000000002,0.01652892561983471,2.4229449905351146,0.11956995337514816,0.40394614017773733,0.5250583103770574,2.826891130712852,0.24330351907680536,12,1,1.0,not_applicable,no_5pct_backtest_rejection,-1.9599639845400538,701,12,12,0
Calibrated-LSTM-LogTarget-scale_qlike,0.025,common_normal,False,726,12,18.150000000000002,0.01652892561983471,2.4229449905351146,0.11956995337514816,0.40394614017773733,0.5250583103770574,2.826891130712852,0.24330351907680536,12,1,1.0,not_applicable,no_5pct_backtest_rejection,-1.9599639845400538,701,12,12,0
Calibrated-LSTM-QLIKE-affine_nonnegative,0.025,common_normal,False,726,12,18.150000000000002,0.01652892561983471,2.4229449905351146,0.11956995337514816,1.7422605832495606,0.18685265063595188,4.165205573784675,0.1246054682827502,11,2,1.0909090909090908,not_applicable,no_5pct_backtest_rejection,-1.9599639845400538,702,11,11,1
Calibrated-LSTM-QLIKE-scale_mean,0.025,common_normal,False,726,12,18.150000000000002,0.01652892561983471,2.4229449905351146,0.11956995337514816,1.7422605832495606,0.18685265063595188,4.165205573784675,0.1246054682827502,11,2,1.0909090909090908,not_applicable,no_5pct_backtest_rejection,-1.9599639845400538,702,11,11,1
Calibrated-LSTM-affine_nonnegative,0.025,common_normal,False,726,12,18.150000000000002,0.01652892561983471,2.4229449905351146,0.11956995337514816,1.7422605832495606,0.18685265063595188,4.165205573784675,0.1246054682827502,11,2,1.0909090909090908,not_applicable,no_5pct_backtest_rejection,-1.9599639845400538,702,11,11,1
Calibrated-LSTM-scale_mean,0.025,common_normal,False,726,12,18.150000000000002,0.01652892561983471,2.4229449905351146,0.11956995337514816,1.7422605832495606,0.18685265063595188,4.165205573784675,0.1246054682827502,11,2,1.0909090909090908,not_applicable,no_5pct_backtest_rejection,-1.9599639845400538,702,11,11,1
Calibrated-LSTM-scale_qlike,0.025,common_normal,False,726,12,18.150000000000002,0.01652892561983471,2.4229449905351146,0.11956995337514816,1.7422605832495606,0.18685265063595188,4.165205573784675,0.1246054682827502,11,2,1.0909090909090908,not_applicable,no_5pct_backtest_rejection,-1.9599639845400538,702,11,11,1
ComboMean-PoolD_AllStable,0.025,common_normal,False,726,12,18.150000000000002,0.01652892561983471,2.4229449905351146,0.11956995337514816,0.40394614017773733,0.5250583103770574,2.826891130712852,0.24330351907680536,12,1,1.0,not_applicable,no_5pct_backtest_rejection,-1.9599639845400538,701,12,12,0
ComboMedian-PoolB_GARCH_Neural,0.025,common_normal,False,726,12,18.150000000000002,0.01652892561983471,2.4229449905351146,0.11956995337514816,0.40394614017773733,0.5250583103770574,2.826891130712852,0.24330351907680536,12,1,1.0,not_applicable,no_5pct_backtest_rejection,-1.9599639845400538,701,12,12,0
ComboMedian-PoolD_AllStable,0.025,common_normal,False,726,12,18.150000000000002,0.01652892561983471,2.4229449905351146,0.11956995337514816,0.40394614017773733,0.5250583103770574,2.826891130712852,0.24330351907680536,12,1,1.0,not_applicable,no_5pct_backtest_rejection,-1.9599639845400538,701,12,12,0
Hybrid-QLIKE,0.025,common_normal,False,726,12,18.150000000000002,0.01652892561983471,2.4229449905351146,0.11956995337514816,0.40394614017773733,0.5250583103770574,2.826891130712852,0.24330351907680536,12,1,1.0,not_applicable,no_5pct_backtest_rejection,-1.9599639845400538,701,12,12,0
Calibrated-ARIMA-GARCH-LSTM-affine_nonnegative,0.025,common_normal,False,726,11,18.150000000000002,0.015151515151515152,3.354923936432357,0.06700430623418198,0.3389489831982928,0.5604365178415512,3.6938729196306497,0.15771960730251172,11,1,1.0,not_applicable,no_5pct_backtest_rejection,-1.9599639845400538,703,11,11,0
Calibrated-ARIMA-GARCH-LSTM-scale_mean,0.025,common_normal,False,726,11,18.150000000000002,0.015151515151515152,3.354923936432357,0.06700430623418198,0.3389489831982928,0.5604365178415512,3.6938729196306497,0.15771960730251172,11,1,1.0,not_applicable,no_5pct_backtest_rejection,-1.9599639845400538,703,11,11,0
Calibrated-ARIMA-GARCH-LSTM-scale_qlike,0.025,common_normal,False,726,11,18.150000000000002,0.015151515151515152,3.354923936432357,0.06700430623418198,0.3389489831982928,0.5604365178415512,3.6938729196306497,0.15771960730251172,11,1,1.0,not_applicable,no_5pct_backtest_rejection,-1.9599639845400538,703,11,11,0
Calibrated-Hybrid-QLIKE-scale_mean,0.025,common_normal,False,726,11,18.150000000000002,0.015151515151515152,3.354923936432357,0.06700430623418198,0.3389489831982928,0.5604365178415512,3.6938729196306497,0.15771960730251172,11,1,1.0,not_applicable,no_5pct_backtest_rejection,-1.9599639845400538,703,11,11,0
Calibrated-LSTM-LogTarget-Small-scale_mean,0.025,common_normal,False,726,11,18.150000000000002,0.015151515151515152,3.354923936432357,0.06700430623418198,2.0470962845826506,0.15249679577231598,5.4020202210150075,0.06713766201930114,10,2,1.1,not_applicable,no_5pct_backtest_rejection,-1.9599639845400538,704,10,10,1
EWMA(lambda=0.90),0.025,common_normal,False,745,27,18.625,0.036241610738255034,3.3988693195328494,0.06524112538141143,0.0004438646158746451,0.9831913359543621,3.399313184148724,0.1827462697958539,26,2,1.0384615384615385,not_applicable,no_5pct_backtest_rejection,-1.9599639845400538,691,26,26,1
RollingVol-20,0.025,common_normal,False,745,28,18.625,0.03758389261744966,4.202708683975487,0.04035946424807943,0.0030095020177896004,0.9562508530187996,4.205718185993277,0.12210681396460975,27,2,1.037037037037037,not_applicable,reject_unconditional_coverage_5pct,-1.9599639845400538,689,27,27,1
Calibrated-LSTM-LogTarget-Small-isotonic,0.025,common_normal,False,726,9,18.150000000000002,0.012396694214876033,5.791743109826243,0.016101616014658305,0.22626294172521,0.6343087533076419,6.018006051551453,0.049340845798719925,9,1,1.0,not_applicable,reject_unconditional_coverage_5pct,-1.9599639845400538,707,9,9,0
RollingVol-10,0.025,common_normal,False,745,36,18.625,0.04832214765100671,13.117987223779494,0.00029247408701320505,3.6625961540672733,0.055646860512013945,16.780583377846767,0.0002270610375086509,36,1,1.0,not_applicable,reject_unconditional_coverage_5pct,-1.9599639845400538,672,36,36,0
RollingVol-5,0.025,common_normal,False,745,57,18.625,0.07651006711409396,52.82836169924764,3.6400685148029164e-13,0.037050526758719116,0.8473622116400858,52.865412226006356,3.314527246051259e-12,53,2,1.0754716981132075,not_applicable,reject_unconditional_coverage_5pct,-1.9599639845400538,634,53,53,4
Hybrid-LogTarget,0.025,common_normal,False,726,67,18.150000000000002,0.09228650137741047,80.75852572165167,2.550552396686659e-19,9.730792409208618,0.0018120634931972448,90.48931813086028,2.2412702800727848e-20,53,4,1.2641509433962264,not_applicable,reject_unconditional_coverage_5pct,-1.9599639845400538,606,52,53,14
Hybrid-LogTarget-Small,0.025,common_normal,False,726,68,18.150000000000002,0.09366391184573003,83.52995706928482,6.275770919525182e-20,7.07430067554202,0.007819733543919126,90.60425774482684,2.1160962240533687e-20,55,4,1.2363636363636363,not_applicable,reject_unconditional_coverage_5pct,-1.9599639845400538,603,54,55,13
LSTM-LogTarget-Small,0.025,common_normal,False,726,73,18.150000000000002,0.10055096418732783,97.86564524519747,4.47755005242077e-23,15.188912819657787,9.727286976924332e-05,113.05455806485526,2.821724696267608e-25,55,4,1.3272727272727274,not_applicable,reject_unconditional_coverage_5pct,-1.9599639845400538,598,54,55,18
LSTM-LogTarget,0.025,common_normal,False,726,76,18.150000000000002,0.1046831955922865,106.83574535940136,4.83637942782232e-25,8.616675247735827,0.0033309929386513767,115.45242060713719,8.507959305810972e-26,60,4,1.2666666666666666,not_applicable,reject_unconditional_coverage_5pct,-1.9599639845400538,590,59,60,16
EWMA(lambda=0.90),0.05,common_normal,False,745,38,37.25,0.05100671140939597,0.01579538551538917,0.899985476138744,0.001983328149663066,0.9644782944175919,0.017778713665052237,0.9911500366858231,36,2,1.0555555555555556,not_applicable,no_5pct_backtest_rejection,-1.6448536269514726,670,36,36,2
ARIMA-GARCH,0.05,common_normal,False,745,35,37.25,0.04697986577181208,0.14587354802921482,0.7025103516368938,0.3212220037223119,0.5708741893418507,0.4670955517515267,0.7917197697313111,34,2,1.0294117647058822,not_applicable,no_5pct_backtest_rejection,-1.6448536269514726,675,34,34,1
AdvGARCH-BestHeavyTail,0.05,common_normal,False,745,35,37.25,0.04697986577181208,0.14587354802921482,0.7025103516368938,0.3212220037223119,0.5708741893418507,0.4670955517515267,0.7917197697313111,34,2,1.0294117647058822,not_applicable,no_5pct_backtest_rejection,-1.6448536269514726,675,34,34,1
AdvGARCH-BestSymmetric,0.05,common_normal,False,745,35,37.25,0.04697986577181208,0.14587354802921482,0.7025103516368938,0.3212220037223119,0.5708741893418507,0.4670955517515267,0.7917197697313111,34,2,1.0294117647058822,not_applicable,no_5pct_backtest_rejection,-1.6448536269514726,675,34,34,1
ComboPair-GARCH11_ARIMAGARCH,0.05,common_normal,False,745,35,37.25,0.04697986577181208,0.14587354802921482,0.7025103516368938,0.3212220037223119,0.5708741893418507,0.4670955517515267,0.7917197697313111,34,2,1.0294117647058822,not_applicable,no_5pct_backtest_rejection,-1.6448536269514726,675,34,34,1
"GARCH(1,1)",0.05,common_normal,False,745,35,37.25,0.04697986577181208,0.14587354802921482,0.7025103516368938,0.3212220037223119,0.5708741893418507,0.4670955517515267,0.7917197697313111,34,2,1.0294117647058822,not_applicable,no_5pct_backtest_rejection,-1.6448536269514726,675,34,34,1
AdvGARCH-BestARIMA,0.05,common_normal,False,745,34,37.25,0.04563758389261745,0.3070846893322141,0.5794746706215251,0.2454152202128057,0.6203220256527404,0.5524999095450198,0.7586232855501056,33,2,1.0303030303030303,not_applicable,no_5pct_backtest_rejection,-1.6448536269514726,677,33,33,1
AdvGARCH-BestAsymmetric,0.05,common_normal,False,745,34,37.25,0.04563758389261745,0.3070846893322141,0.5794746706215251,0.2454152202128057,0.6203220256527404,0.5524999095450198,0.7586232855501056,33,2,1.0303030303030303,not_applicable,no_5pct_backtest_rejection,-1.6448536269514726,677,33,33,1
AdvGARCH-BestQLIKE,0.05,common_normal,False,745,34,37.25,0.04563758389261745,0.3070846893322141,0.5794746706215251,0.2454152202128057,0.6203220256527404,0.5524999095450198,0.7586232855501056,33,2,1.0303030303030303,not_applicable,no_5pct_backtest_rejection,-1.6448536269514726,677,33,33,1
ComboMean-PoolA_Econometric,0.05,common_normal,False,745,34,37.25,0.04563758389261745,0.3070846893322141,0.5794746706215251,0.2454152202128057,0.6203220256527404,0.5524999095450198,0.7586232855501056,33,2,1.0303030303030303,not_applicable,no_5pct_backtest_rejection,-1.6448536269514726,677,33,33,1
ComboMedian-PoolA_Econometric,0.05,common_normal,False,745,34,37.25,0.04563758389261745,0.3070846893322141,0.5794746706215251,0.2454152202128057,0.6203220256527404,0.5524999095450198,0.7586232855501056,33,2,1.0303030303030303,not_applicable,no_5pct_backtest_rejection,-1.6448536269514726,677,33,33,1
Refit-BestGARCHFamily-fixed_train_only,0.05,common_normal,False,745,34,37.25,0.04563758389261745,0.3070846893322141,0.5794746706215251,0.2454152202128057,0.6203220256527404,0.5524999095450198,0.7586232855501056,33,2,1.0303030303030303,not_applicable,no_5pct_backtest_rejection,-1.6448536269514726,677,33,33,1
RollingVol-20,0.05,common_normal,False,745,41,37.25,0.05503355704697987,0.38535448383174753,0.5347514465104436,1.25170824064719,0.2632264632275044,1.6370627244789375,0.4410789642801801,37,3,1.1081081081081081,not_applicable,no_5pct_backtest_rejection,-1.6448536269514726,666,37,37,4
HAR-Parkinson,0.05,common_normal,False,745,33,37.25,0.04429530201342282,0.5299407843329504,0.46663175603992935,1.3888918647512583,0.23859232628489946,1.9188326490842087,0.3831164363897572,30,2,1.1,not_applicable,no_5pct_backtest_rejection,-1.6448536269514726,681,30,30,3
Refit-OriginalARIMAGARCH-expanding_quarterly,0.05,common_normal,False,745,33,37.25,0.04429530201342282,0.5299407843329504,0.46663175603992935,0.17935814072245648,0.6719254254382423,0.7092989250554069,0.7014192738589063,32,2,1.03125,not_applicable,no_5pct_backtest_rejection,-1.6448536269514726,679,32,32,1
ComboStack-PoolA_Econometric,0.05,common_normal,False,745,32,37.25,0.042953020134228186,0.8162212085273381,0.36628731728169006,0.1232469037626629,0.7255392968137204,0.939468112290001,0.6251685058992678,31,2,1.032258064516129,not_applicable,no_5pct_backtest_rejection,-1.6448536269514726,681,31,31,1
Refit-OriginalGARCH-expanding_quarterly,0.05,common_normal,False,745,32,37.25,0.042953020134228186,0.8162212085273381,0.36628731728169006,0.1232469037626629,0.7255392968137204,0.939468112290001,0.6251685058992678,31,2,1.032258064516129,not_applicable,no_5pct_backtest_rejection,-1.6448536269514726,681,31,31,1
Refit-BestAsymmetric-rolling_1000_monthly,0.05,common_normal,False,745,31,37.25,0.04161073825503356,1.1678168592314933,0.2798502716136477,0.3669717622302642,0.5446595619922735,1.5347886214617574,0.46422110970152186,29,2,1.0689655172413792,not_applicable,no_5pct_backtest_rejection,-1.6448536269514726,684,29,29,2
HistoricalMean,0.05,common_normal,False,745,30,37.25,0.040268456375838924,1.5867409540534538,0.2077923792030123,2.1010063643132355,0.14720222492519955,3.6877473183666893,0.1582034115351846,27,2,1.1111111111111112,not_applicable,no_5pct_backtest_rejection,-1.6448536269514726,687,27,27,3
ComboPair-BestGARCHFamily_HybridQLIKE,0.05,common_normal,False,726,27,36.300000000000004,0.0371900826446281,2.741875207207812,0.09774999830220536,0.001108621119556119,0.9734385734255349,2.742983828327368,0.25372813643680464,26,2,1.0384615384615385,not_applicable,no_5pct_backtest_rejection,-1.6448536269514726,673,25,26,1
RollingVol-10,0.05,common_normal,False,745,48,37.25,0.06442953020134229,3.0048248992128492,0.08301694680621093,2.1324267697010555,0.14421228123292365,5.137251668913905,0.07664079022858207,47,2,1.0212765957446808,not_applicable,no_5pct_backtest_rejection,-1.6448536269514726,649,47,47,1
ComboMedian-PoolC_GARCH_CalibratedNeural,0.05,common_normal,False,726,25,36.300000000000004,0.03443526170798898,4.13703974934694,0.04195447681673512,0.036219068567845625,0.8490638042979658,4.173258817914785,0.12410473795718192,24,2,1.0416666666666667,not_applicable,reject_unconditional_coverage_5pct,-1.6448536269514726,677,23,24,1
ComboPair-BestRefitGARCH_HybridQLIKE,0.05,common_normal,False,726,25,36.300000000000004,0.03443526170798898,4.13703974934694,0.04195447681673512,0.036219068567845625,0.8490638042979658,4.173258817914785,0.12410473795718192,24,2,1.0416666666666667,not_applicable,reject_unconditional_coverage_5pct,-1.6448536269514726,677,23,24,1
ComboStack-PoolB_GARCH_Neural,0.05,common_normal,False,726,25,36.300000000000004,0.03443526170798898,4.13703974934694,0.04195447681673512,0.036219068567845625,0.8490638042979658,4.173258817914785,0.12410473795718192,24,2,1.0416666666666667,not_applicable,reject_unconditional_coverage_5pct,-1.6448536269514726,677,23,24,1
Calibrated-LSTM-isotonic,0.05,common_normal,False,726,24,36.300000000000004,0.03305785123966942,4.957396034048855,0.0259792998903173,1.5256294408985696,0.2167695747149797,6.483025474947425,0.03910469519549982,22,2,1.0909090909090908,not_applicable,reject_unconditional_coverage_5pct,-1.6448536269514726,680,21,22,2
ComboMean-PoolC_GARCH_CalibratedNeural,0.05,common_normal,False,726,23,36.300000000000004,0.03168044077134986,5.863958785311439,0.015453997368243188,0.09637457625800039,0.7562244418298215,5.96033336156944,0.050784368381028094,22,2,1.0454545454545454,not_applicable,reject_unconditional_coverage_5pct,-1.6448536269514726,680,22,22,1
ComboPair-GARCH11_HybridQLIKE,0.05,common_normal,False,726,23,36.300000000000004,0.03168044077134986,5.863958785311439,0.015453997368243188,0.09637457625800039,0.7562244418298215,5.96033336156944,0.050784368381028094,22,2,1.0454545454545454,not_applicable,reject_unconditional_coverage_5pct,-1.6448536269514726,680,22,22,1
Calibrated-LSTM-LogTarget-affine_nonnegative,0.05,common_normal,False,726,22,36.300000000000004,0.030303030303030304,6.860350426732566,0.008812926395505398,1.3136374813982457,0.25173712415724114,8.173987908130812,0.016789628169877384,22,1,1.0,not_applicable,reject_unconditional_coverage_5pct,-1.6448536269514726,682,21,22,0
Calibrated-LSTM-LogTarget-scale_mean,0.05,common_normal,False,726,22,36.300000000000004,0.030303030303030304,6.860350426732566,0.008812926395505398,1.3136374813982457,0.25173712415724114,8.173987908130812,0.016789628169877384,22,1,1.0,not_applicable,reject_unconditional_coverage_5pct,-1.6448536269514726,682,21,22,0
Calibrated-LSTM-LogTarget-scale_qlike,0.05,common_normal,False,726,22,36.300000000000004,0.030303030303030304,6.860350426732566,0.008812926395505398,1.3136374813982457,0.25173712415724114,8.173987908130812,0.016789628169877384,22,1,1.0,not_applicable,reject_unconditional_coverage_5pct,-1.6448536269514726,682,21,22,0
Calibrated-LSTM-QLIKE-isotonic,0.05,common_normal,False,726,22,36.300000000000004,0.030303030303030304,6.860350426732566,0.008812926395505398,1.3136374813982457,0.25173712415724114,8.173987908130812,0.016789628169877384,22,1,1.0,not_applicable,reject_unconditional_coverage_5pct,-1.6448536269514726,682,21,22,0
ComboPair-BestRefitGARCH_BestCalibratedNeural,0.05,common_normal,False,726,22,36.300000000000004,0.030303030303030304,6.860350426732566,0.008812926395505398,0.15392193940689936,0.6948152375413288,7.0142723661394655,0.029982656442756793,21,2,1.0476190476190477,not_applicable,reject_unconditional_coverage_5pct,-1.6448536269514726,682,21,21,1
LSTM-QLIKE,0.05,common_normal,False,726,22,36.300000000000004,0.030303030303030304,6.860350426732566,0.008812926395505398,0.18858535105286478,0.6640966346738844,7.048935777785431,0.02946748317320286,21,2,1.0476190476190477,not_applicable,reject_unconditional_coverage_5pct,-1.6448536269514726,683,20,21,1
Calibrated-ARIMA-GARCH-LSTM-isotonic,0.05,common_normal,False,726,21,36.300000000000004,0.028925619834710745,7.950523399792559,0.004807347139588146,0.22617702143176643,0.6343731134940847,8.176700421224325,0.016766872561463933,20,2,1.05,not_applicable,reject_unconditional_coverage_5pct,-1.6448536269514726,684,20,20,1
Calibrated-Hybrid-LogTarget-Small-affine_nonnegative,0.05,common_normal,False,726,21,36.300000000000004,0.028925619834710745,7.950523399792559,0.004807347139588146,0.22617702143176643,0.6343731134940847,8.176700421224325,0.016766872561463933,20,2,1.05,not_applicable,reject_unconditional_coverage_5pct,-1.6448536269514726,684,20,20,1
Calibrated-Hybrid-LogTarget-Small-isotonic,0.05,common_normal,False,726,21,36.300000000000004,0.028925619834710745,7.950523399792559,0.004807347139588146,0.22617702143176643,0.6343731134940847,8.176700421224325,0.016766872561463933,20,2,1.05,not_applicable,reject_unconditional_coverage_5pct,-1.6448536269514726,684,20,20,1
Calibrated-Hybrid-LogTarget-Small-scale_mean,0.05,common_normal,False,726,21,36.300000000000004,0.028925619834710745,7.950523399792559,0.004807347139588146,0.22617702143176643,0.6343731134940847,8.176700421224325,0.016766872561463933,20,2,1.05,not_applicable,reject_unconditional_coverage_5pct,-1.6448536269514726,684,20,20,1
Calibrated-Hybrid-LogTarget-Small-scale_qlike,0.05,common_normal,False,726,21,36.300000000000004,0.028925619834710745,7.950523399792559,0.004807347139588146,0.22617702143176643,0.6343731134940847,8.176700421224325,0.016766872561463933,20,2,1.05,not_applicable,reject_unconditional_coverage_5pct,-1.6448536269514726,684,20,20,1
Calibrated-Hybrid-QLIKE-isotonic,0.05,common_normal,False,726,21,36.300000000000004,0.028925619834710745,7.950523399792559,0.004807347139588146,1.1925034110629724,0.27482516964103854,9.143026810855531,0.01034229578108948,21,1,1.0,not_applicable,reject_unconditional_coverage_5pct,-1.6448536269514726,684,20,21,0
ComboPair-BestGARCHFamily_BestCalibratedNeural,0.05,common_normal,False,726,21,36.300000000000004,0.028925619834710745,7.950523399792559,0.004807347139588146,0.22617702143176643,0.6343731134940847,8.176700421224325,0.016766872561463933,20,2,1.05,not_applicable,reject_unconditional_coverage_5pct,-1.6448536269514726,684,20,20,1
LSTM,0.05,common_normal,False,726,21,36.300000000000004,0.028925619834710745,7.950523399792559,0.004807347139588146,0.2686193466456359,0.6042594333341115,8.219142746438195,0.016414808845310692,20,2,1.05,not_applicable,reject_unconditional_coverage_5pct,-1.6448536269514726,685,19,20,1
Calibrated-LSTM-LogTarget-isotonic,0.05,common_normal,False,726,20,36.300000000000004,0.027548209366391185,9.138807374394503,0.002502441664267936,1.0773874733963282,0.29928273199754707,10.216194847790831,0.006047577962360857,20,1,1.0,not_applicable,reject_unconditional_coverage_5pct,-1.6448536269514726,686,19,20,0
ComboMean-PoolB_GARCH_Neural,0.05,common_normal,False,726,20,36.300000000000004,0.027548209366391185,9.138807374394503,0.002502441664267936,0.3139813809255827,0.5752472654807281,9.452788755320086,0.008858353404232822,19,2,1.0526315789473684,not_applicable,reject_unconditional_coverage_5pct,-1.6448536269514726,686,19,19,1
ComboMean-PoolD_AllStable,0.05,common_normal,False,726,20,36.300000000000004,0.027548209366391185,9.138807374394503,0.002502441664267936,1.1349040278895188,0.28673171305907896,10.273711402284022,0.005876137027147135,20,1,1.0,not_applicable,reject_unconditional_coverage_5pct,-1.6448536269514726,685,20,20,0
ARIMA-GARCH-LSTM,0.05,common_normal,False,726,19,36.300000000000004,0.026170798898071626,10.429965919522886,0.0012398703084245924,2.811674016597294,0.09358067752453322,13.24163993612018,0.0013323380229696869,17,2,1.1176470588235294,not_applicable,reject_unconditional_coverage_5pct,-1.6448536269514726,689,17,17,2
Calibrated-ARIMA-GARCH-LSTM-affine_nonnegative,0.05,common_normal,False,726,19,36.300000000000004,0.026170798898071626,10.429965919522886,0.0012398703084245924,2.811674016597294,0.09358067752453322,13.24163993612018,0.0013323380229696869,17,2,1.1176470588235294,not_applicable,reject_unconditional_coverage_5pct,-1.6448536269514726,689,17,17,2
Calibrated-ARIMA-GARCH-LSTM-scale_qlike,0.05,common_normal,False,726,19,36.300000000000004,0.026170798898071626,10.429965919522886,0.0012398703084245924,2.811674016597294,0.09358067752453322,13.24163993612018,0.0013323380229696869,17,2,1.1176470588235294,not_applicable,reject_unconditional_coverage_5pct,-1.6448536269514726,689,17,17,2
ComboMedian-PoolB_GARCH_Neural,0.05,common_normal,False,726,19,36.300000000000004,0.026170798898071626,10.429965919522886,0.0012398703084245924,0.4183140065180737,0.5177795232965184,10.84827992604096,0.0044088563112054955,18,2,1.0555555555555556,not_applicable,reject_unconditional_coverage_5pct,-1.6448536269514726,688,18,18,1
ComboMedian-PoolD_AllStable,0.05,common_normal,False,726,19,36.300000000000004,0.026170798898071626,10.429965919522886,0.0012398703084245924,1.022786371832865,0.3118589845031259,11.45275229135575,0.0032588655150846443,19,1,1.0,not_applicable,reject_unconditional_coverage_5pct,-1.6448536269514726,687,19,19,0
ComboStack-PoolC_GARCH_CalibratedNeural,0.05,common_normal,False,726,19,36.300000000000004,0.026170798898071626,10.429965919522886,0.0012398703084245924,1.022786371832865,0.3118589845031259,11.45275229135575,0.0032588655150846443,19,1,1.0,not_applicable,reject_unconditional_coverage_5pct,-1.6448536269514726,687,19,19,0
Calibrated-Hybrid-LogTarget-isotonic,0.05,common_normal,False,726,18,36.300000000000004,0.024793388429752067,11.829265129680465,0.0005830700148123862,0.5403218870704052,0.4622993566329675,12.36958701675087,0.002060526990274706,17,2,1.0588235294117647,not_applicable,reject_unconditional_coverage_5pct,-1.6448536269514726,690,17,17,1
Calibrated-LSTM-affine_nonnegative,0.05,common_normal,False,726,18,36.300000000000004,0.024793388429752067,11.829265129680465,0.0005830700148123862,0.5403218870704052,0.4622993566329675,12.36958701675087,0.002060526990274706,17,2,1.0588235294117647,not_applicable,reject_unconditional_coverage_5pct,-1.6448536269514726,690,17,17,1
Calibrated-LSTM-scale_qlike,0.05,common_normal,False,726,18,36.300000000000004,0.024793388429752067,11.829265129680465,0.0005830700148123862,0.5403218870704052,0.4622993566329675,12.36958701675087,0.002060526990274706,17,2,1.0588235294117647,not_applicable,reject_unconditional_coverage_5pct,-1.6448536269514726,690,17,17,1
ComboStack-PoolD_AllStable,0.05,common_normal,False,726,18,36.300000000000004,0.024793388429752067,11.829265129680465,0.0005830700148123862,0.916647840556152,0.3383566819723543,12.745912970236617,0.0017071047277504468,18,1,1.0,not_applicable,reject_unconditional_coverage_5pct,-1.6448536269514726,689,18,18,0
Hybrid-QLIKE,0.05,common_normal,False,726,18,36.300000000000004,0.024793388429752067,11.829265129680465,0.0005830700148123862,0.5403218870704052,0.4622993566329675,12.36958701675087,0.002060526990274706,17,2,1.0588235294117647,not_applicable,reject_unconditional_coverage_5pct,-1.6448536269514726,690,17,17,1
Calibrated-ARIMA-GARCH-LSTM-scale_mean,0.05,common_normal,False,726,17,36.300000000000004,0.023415977961432508,13.342557537246677,0.00025945026071118093,0.6813596010420611,0.40911894323748166,14.023917138288738,0.0009010421058054419,16,2,1.0625,not_applicable,reject_unconditional_coverage_5pct,-1.6448536269514726,692,16,16,1
Calibrated-Hybrid-LogTarget-affine_nonnegative,0.05,common_normal,False,726,17,36.300000000000004,0.023415977961432508,13.342557537246677,0.00025945026071118093,0.8164626455499615,0.3662164392764534,14.159020182796638,0.0008421856413182736,17,1,1.0,not_applicable,reject_unconditional_coverage_5pct,-1.6448536269514726,691,17,17,0
Calibrated-Hybrid-LogTarget-scale_qlike,0.05,common_normal,False,726,17,36.300000000000004,0.023415977961432508,13.342557537246677,0.00025945026071118093,0.8164626455499615,0.3662164392764534,14.159020182796638,0.0008421856413182736,17,1,1.0,not_applicable,reject_unconditional_coverage_5pct,-1.6448536269514726,691,17,17,0
Calibrated-LSTM-QLIKE-affine_nonnegative,0.05,common_normal,False,726,17,36.300000000000004,0.023415977961432508,13.342557537246677,0.00025945026071118093,0.6813596010420611,0.40911894323748166,14.023917138288738,0.0009010421058054419,16,2,1.0625,not_applicable,reject_unconditional_coverage_5pct,-1.6448536269514726,692,16,16,1
Calibrated-LSTM-QLIKE-scale_qlike,0.05,common_normal,False,726,17,36.300000000000004,0.023415977961432508,13.342557537246677,0.00025945026071118093,0.6813596010420611,0.40911894323748166,14.023917138288738,0.0009010421058054419,16,2,1.0625,not_applicable,reject_unconditional_coverage_5pct,-1.6448536269514726,692,16,16,1
Calibrated-LSTM-scale_mean,0.05,common_normal,False,726,17,36.300000000000004,0.023415977961432508,13.342557537246677,0.00025945026071118093,0.6813596010420611,0.40911894323748166,14.023917138288738,0.0009010421058054419,16,2,1.0625,not_applicable,reject_unconditional_coverage_5pct,-1.6448536269514726,692,16,16,1
Calibrated-Hybrid-QLIKE-affine_nonnegative,0.05,common_normal,False,726,16,36.300000000000004,0.02203856749311295,14.976385820331359,0.00010886501394327927,0.8430413203961393,0.35852839788799107,15.819427140727498,0.00036715973096347447,15,2,1.0666666666666667,not_applicable,reject_unconditional_coverage_5pct,-1.6448536269514726,694,15,15,1
Calibrated-Hybrid-QLIKE-scale_mean,0.05,common_normal,False,726,16,36.300000000000004,0.02203856749311295,14.976385820331359,0.00010886501394327927,0.8430413203961393,0.35852839788799107,15.819427140727498,0.00036715973096347447,15,2,1.0666666666666667,not_applicable,reject_unconditional_coverage_5pct,-1.6448536269514726,694,15,15,1
Calibrated-Hybrid-QLIKE-scale_qlike,0.05,common_normal,False,726,16,36.300000000000004,0.02203856749311295,14.976385820331359,0.00010886501394327927,0.8430413203961393,0.35852839788799107,15.819427140727498,0.00036715973096347447,15,2,1.0666666666666667,not_applicable,reject_unconditional_coverage_5pct,-1.6448536269514726,694,15,15,1
Calibrated-LSTM-LogTarget-Small-isotonic,0.05,common_normal,False,726,16,36.300000000000004,0.02203856749311295,14.976385820331359,0.00010886501394327927,0.8430413203961393,0.35852839788799107,15.819427140727498,0.00036715973096347447,15,2,1.0666666666666667,not_applicable,reject_unconditional_coverage_5pct,-1.6448536269514726,694,15,15,1
Calibrated-LSTM-QLIKE-scale_mean,0.05,common_normal,False,726,16,36.300000000000004,0.02203856749311295,14.976385820331359,0.00010886501394327927,0.8430413203961393,0.35852839788799107,15.819427140727498,0.00036715973096347447,15,2,1.0666666666666667,not_applicable,reject_unconditional_coverage_5pct,-1.6448536269514726,694,15,15,1
Calibrated-Hybrid-LogTarget-scale_mean,0.05,common_normal,False,726,15,36.300000000000004,0.02066115702479339,16.738112513387534,4.291027096595486e-05,0.6338499738840255,0.4259466249706193,17.37196248727156,0.00016893758282869598,15,1,1.0,not_applicable,reject_unconditional_coverage_5pct,-1.6448536269514726,695,15,15,0
Calibrated-LSTM-LogTarget-Small-affine_nonnegative,0.05,common_normal,False,726,14,36.300000000000004,0.01928374655647383,18.636084421660627,1.581977255656449e-05,1.2365327646788273,0.2661403224439479,19.872617186339454,4.838558625854818e-05,13,2,1.0769230769230769,not_applicable,reject_unconditional_coverage_5pct,-1.6448536269514726,698,13,13,1
Calibrated-LSTM-LogTarget-Small-scale_mean,0.05,common_normal,False,726,14,36.300000000000004,0.01928374655647383,18.636084421660627,1.581977255656449e-05,1.2365327646788273,0.2661403224439479,19.872617186339454,4.838558625854818e-05,13,2,1.0769230769230769,not_applicable,reject_unconditional_coverage_5pct,-1.6448536269514726,698,13,13,1
Calibrated-LSTM-LogTarget-Small-scale_qlike,0.05,common_normal,False,726,14,36.300000000000004,0.01928374655647383,18.636084421660627,1.581977255656449e-05,1.2365327646788273,0.2661403224439479,19.872617186339454,4.838558625854818e-05,13,2,1.0769230769230769,not_applicable,reject_unconditional_coverage_5pct,-1.6448536269514726,698,13,13,1
RollingVol-5,0.05,common_normal,False,745,73,37.25,0.09798657718120805,28.56690228098506,9.051623004224692e-08,0.8791535695441439,0.34843361469558853,29.446055850529206,4.03524785333822e-07,68,2,1.0735294117647058,not_applicable,reject_unconditional_coverage_5pct,-1.6448536269514726,603,68,68,5
LSTM-LogTarget,0.05,common_normal,False,726,87,36.300000000000004,0.11983471074380166,54.51352964046714,1.543812824959239e-13,4.896828950344229,0.0269060592667202,59.41035859081137,1.2566216797164632e-13,70,4,1.2428571428571429,not_applicable,reject_unconditional_coverage_5pct,-1.6448536269514726,569,69,70,17
LSTM-LogTarget-Small,0.05,common_normal,False,726,88,36.300000000000004,0.12121212121212122,56.427431154529245,5.831118403632797e-14,11.157073555753527,0.0008371187052553631,67.58450471028277,2.109654183055404e-15,67,4,1.3134328358208955,not_applicable,reject_unconditional_coverage_5pct,-1.6448536269514726,571,66,67,21
Hybrid-LogTarget,0.05,common_normal,False,726,89,36.300000000000004,0.12258953168044077,58.367195228003084,2.1748742039460477e-14,6.975395768149383,0.008263794476014505,65.34259099615247,6.471972280989857e-15,70,4,1.2714285714285714,not_applicable,reject_unconditional_coverage_5pct,-1.6448536269514726,567,69,70,19
Hybrid-LogTarget-Small,0.05,common_normal,False,726,90,36.300000000000004,0.12396694214876033,60.332571403161865,8.011074807282067e-15,9.886702255182968,0.0016647745234616355,70.21927365834483,5.650390505187353e-16,69,4,1.3043478260869565,not_applicable,reject_unconditional_coverage_5pct,-1.6448536269514726,567,68,69,21
