model,regime,n_obs,rmse,mae,qlike,mean_actual_var,mean_pred_var,pred_actual_ratio
RollingVol-5,calm,363,1.4821294909048883,0.7688676707427459,-0.4785400443018219,0.08328743488771649,0.8428449700982745,10.119713390555868
RollingVol-10,calm,363,1.5537314709985932,0.8106228792115145,-0.3843254804096487,0.08328743488771649,0.8908802987442809,10.696454992824744
RollingVol-20,calm,363,1.5589169565219192,0.9014345023953052,-0.25987939503888574,0.08328743488771649,0.9844082448642225,11.819408848301634
EWMA(lambda=0.90),calm,363,1.2835939942268273,0.8667452050068325,-0.2217965401591568,0.08328743488771646,0.9497352541604759,11.40310366672784
AdvGARCH-BestQLIKE,calm,363,1.0614054583182262,0.839483977950022,-0.13068946369055778,0.08328743488771649,0.9227714128377386,11.079359258473596
AdvGARCH-BestAsymmetric,calm,363,1.051211014793604,0.8360083516118354,-0.1291146737494866,0.08328743488771649,0.9192957864995519,11.037628758034097
"GARCH(1,1)",calm,363,1.2238888257812237,0.9056443333135397,-0.09729439119080632,0.08328743488771649,0.9889317682012563,11.873721042489535
ARIMA-GARCH,calm,363,1.2293432626695346,0.9121860557825446,-0.0912315160179927,0.08328743488771649,0.9954734906702609,11.952264972649274
HAR-SquaredReturn,calm,363,1.10373441464766,0.9199990838303692,-0.007572818380706614,0.08328743488771649,1.0032865187180857,12.046072976922162
HAR-Parkinson,calm,363,1.1575339778744287,0.9443438838587246,-0.003517266915595688,0.08328743488771646,1.027631318746441,12.3383715698753
HistoricalMean,calm,363,1.1183014553703163,1.1154854735537285,0.25077569882756684,0.08328743488771649,1.198772908441445,14.39320240871344
Calibrated-Hybrid-LogTarget-Small-isotonic,calm,363,1.4918868396808667,1.3741168080344097,0.37007264098358167,0.08328743488771649,1.4574042429221261,17.4984887562802
ComboStack-PoolD_AllStable,calm,363,1.5482526106605048,1.4446692757372068,0.4275450911117144,0.08328743488771649,1.527956710624923,18.345584933487622
LSTM,calm,363,1.4479115581785686,1.435949876202275,0.467515041948224,0.08328743488771649,1.5192373110899913,18.240894477518044
ARIMA-GARCH-LSTM,calm,363,1.565253379182984,1.530470715323334,0.5149169961321103,0.08328743488771649,1.6137581502110505,19.375769615028123
Hybrid-QLIKE,calm,363,1.7520739465430346,1.7448127502044424,0.64595129783591,0.08328743488771649,1.828100185092159,21.94929148144258
Hybrid-QLIKE,extreme,73,11.139933766690236,5.91511269000627,4.570474550398699,7.95855861532247,2.0511775620996135,0.25773229315048557
ComboStack-PoolD_AllStable,extreme,73,10.81373998761357,5.797875104730945,4.688412745501433,7.95855861532247,2.3006516744066725,0.2890789382360355
ARIMA-GARCH-LSTM,extreme,73,11.163325653969425,6.008433690192436,4.79289611043111,7.95855861532247,1.950124925130034,0.24503493903726406
Calibrated-Hybrid-LogTarget-Small-isotonic,extreme,73,10.88213897537978,5.873405310003657,5.086723126957555,7.95855861532247,2.136030495519537,0.2683941400402675
LSTM,extreme,73,11.31498462715581,6.2102863857751,5.099183643837867,7.95855861532247,1.74827222954737,0.219671967506962
HAR-Parkinson,extreme,73,10.984791839097031,6.285383414228521,6.336660228813842,7.95855861532247,1.8105172594415013,0.22749311112137127
HAR-SquaredReturn,extreme,73,10.75088748057751,6.182088265997913,6.455086320341293,7.95855861532247,1.98629814036574,0.24958013584791042
AdvGARCH-BestAsymmetric,extreme,73,10.755788635796362,6.17886126248768,6.713467449266442,7.95855861532247,1.9416100292110499,0.2439650347580406
AdvGARCH-BestQLIKE,extreme,73,10.832839427028892,6.21644678976907,6.730396386913823,7.95855861532247,1.9137042060516096,0.2404586431476661
"GARCH(1,1)",extreme,73,10.706731074660434,6.061753156828092,6.765874035642129,7.95855861532247,2.0950753459593923,0.2632480889096904
ARIMA-GARCH,extreme,73,10.807394450866337,6.115531406874898,6.769566430571942,7.95855861532247,2.0291472969108755,0.2549641706482119
HistoricalMean,extreme,73,11.658214333240803,6.759785706881024,6.820219439989177,7.95855861532247,1.198772908441445,0.15062688690053358
EWMA(lambda=0.90),extreme,73,10.866877455355942,6.1233537295434735,8.425363805239519,7.95855861532247,1.9861249849254916,0.2495583787121503
RollingVol-10,extreme,73,10.867128087179962,6.140358353692269,8.835229191950626,7.95855861532247,2.0512929935865696,0.2577467972199453
RollingVol-20,extreme,73,11.273509836716183,6.32254257841221,8.917016822542253,7.95855861532247,1.7817480823826668,0.2238782383222383
RollingVol-5,extreme,73,10.743529783680831,6.453234069921476,10.37078046942451,7.95855861532247,2.391402291810429,0.300481834387235
LSTM,high,109,0.39817103903132295,0.32653554021127573,1.4256096495577903,1.524715411321571,1.6237442405945663,1.0649490577308198
ARIMA-GARCH-LSTM,high,109,0.5953063701225754,0.46666459804741955,1.4447995038185506,1.524715411321571,1.8453395968183466,1.210284609912134
Hybrid-QLIKE,high,109,0.5493687606230565,0.47128050955076917,1.4462317865099157,1.524715411321571,1.941907551310478,1.2736196780665443
HistoricalMean,high,109,0.4869024186780483,0.35933598014273904,1.453195244918153,1.524715411321571,1.1987729084414447,0.7862273179244574
ComboStack-PoolD_AllStable,high,109,0.7755243472107982,0.5980245126041169,1.4694710968869784,1.524715411321571,1.8700468419191827,1.2264891061200005
Calibrated-Hybrid-LogTarget-Small-isotonic,high,109,0.7038022808401815,0.5473591984313295,1.4747525366690166,1.524715411321571,1.7512827275013703,1.1485964623282836
HAR-Parkinson,high,109,0.9836213822483951,0.7298111000431817,1.6258946425714038,1.524715411321571,1.407547654201241,0.923154343262804
HAR-SquaredReturn,high,109,1.7301522334852197,0.8809533226876692,1.6311746463627743,1.524715411321571,1.5248180147239685,1.0000672934776127
AdvGARCH-BestQLIKE,high,109,1.3407092251526993,0.8542860381319939,1.7389198827121555,1.524715411321571,1.4203754625017115,0.9315675908795195
AdvGARCH-BestAsymmetric,high,109,1.461109589779481,0.8813676547310852,1.7427497109080214,1.524715411321571,1.4363306183861295,0.9420319409909862
ARIMA-GARCH,high,109,1.9883545736318824,1.0331408335922219,1.7524436129932222,1.524715411321571,1.6270671151450204,1.0671283985611022
"GARCH(1,1)",high,109,2.0748328921464454,1.0593949933789668,1.7611377091261422,1.524715411321571,1.647068939138992,1.0802467968178857
EWMA(lambda=0.90),high,109,2.0575350486918826,1.117736257420094,2.0413879430879627,1.524715411321571,1.655867866793287,1.0860176623767692
RollingVol-20,high,109,2.0115997913828174,1.1428258498517283,2.1755236805601577,1.524715411321571,1.6484435281425371,1.0811483348972795
RollingVol-10,high,109,3.1219878325144568,1.4846169984667081,2.617305811322152,1.524715411321571,1.766975134574265,1.1588884859783188
RollingVol-5,high,109,4.329554424815364,1.7660184716462066,4.582357094100241,1.524715411321571,1.962168840763181,1.2869082493646735
HAR-SquaredReturn,normal,181,0.9199591966561999,0.5683126812960013,0.5983849112452834,0.5659998940002497,1.0948264514383337,1.9343227146220112
AdvGARCH-BestAsymmetric,normal,181,0.9162864750495023,0.5724592648629231,0.5987363059221956,0.5659998940002497,1.042401161168058,1.8416985095187985
HAR-Parkinson,normal,181,0.8153575056653193,0.5599106259408935,0.6011217758128194,0.5659998940002497,1.0806829064338466,1.9093341145278901
AdvGARCH-BestQLIKE,normal,181,0.9223603356776845,0.5820997399442878,0.6033321981149963,0.5659998940002497,1.0483591359631663,1.852224968725354
"GARCH(1,1)",normal,181,1.2542033438459785,0.6919735466371466,0.6289612316531383,0.5659998940002497,1.1588135334864054,2.047374117504506
ARIMA-GARCH,normal,181,1.2486085523251313,0.6984326233989804,0.6317406891056443,0.5659998940002497,1.1633112390084126,2.055320595180004
HistoricalMean,normal,181,0.6660219996801673,0.6327730144411954,0.653447844413606,0.5659998940002497,1.1987729084414447,2.1179737331203734
EWMA(lambda=0.90),normal,181,1.3846339982943368,0.775576065447467,0.7093064064501218,0.5659998940002497,1.156379468990579,2.0430736493920065
RollingVol-20,normal,181,1.5722957113403302,0.8188946829403327,0.7513968906804052,0.5659998940002497,1.1605811114666844,2.0504970473831436
LSTM,normal,181,1.0315801242056808,0.995879183668757,0.8041246123401962,0.5659998940002497,1.5618790776690066,2.7595041875896844
Calibrated-Hybrid-LogTarget-Small-isotonic,normal,181,1.1877016456373428,1.0419136087568477,0.8051917067597936,0.5659998940002497,1.60518551718721,2.8360173459440645
ComboStack-PoolD_AllStable,normal,181,1.2511742829775496,1.110590697624841,0.8331341876631704,0.5659998940002497,1.6765269454821614,2.9620622958657687
ARIMA-GARCH-LSTM,normal,181,1.190269482987435,1.125739158698507,0.8515515190460925,0.5659998940002497,1.691739052698757,2.988938815416122
RollingVol-10,normal,181,2.2380635454722957,0.9356311706739572,0.8855589291909068,0.5659998940002497,1.2095378457176176,2.1369930604917813
Hybrid-QLIKE,normal,181,1.3241294008488296,1.302166071238079,0.9258829802535641,0.5659998940002497,1.868165965238329,3.3006471998341125
RollingVol-5,normal,181,1.5154526781515072,0.7778825160673988,1.7508334813245747,0.5659998940002497,0.9840661870034348,1.738633164837661
