base_model,model,method,pred_actual_ratio,spike_underprediction_rate,extreme_threshold_p90,test_QLIKE,test_MAE
LSTM,LSTM,raw,1.2943089606974558,1.0,2.3757100683268773,1.1610005135850472,1.6397344591598928
LSTM,Calibrated-LSTM-scale_qlike,scale_qlike,1.4522385394709392,1.0,2.3757100683268773,1.1979578007462963,1.7715857549296956
LSTM,Calibrated-LSTM-scale_mean,scale_mean,1.5404284887785307,1.0,2.3757100683268773,1.2202344488212051,1.8483780275706518
LSTM,Calibrated-LSTM-affine_nonnegative,affine_nonnegative,1.4391594404369445,1.0,2.3757100683268773,1.1947331338387612,1.7603089816145492
LSTM,Calibrated-LSTM-isotonic,isotonic,1.2502388709643542,0.958904109589041,2.3757100683268773,1.1251244637744555,1.5926507749218028
ARIMA-GARCH-LSTM,ARIMA-GARCH-LSTM,raw,1.4042198226495775,1.0,2.3757100683268773,1.1686091687616968,1.7201126142672403
ARIMA-GARCH-LSTM,Calibrated-ARIMA-GARCH-LSTM-scale_qlike,scale_qlike,1.436928304139037,1.0,2.3757100683268773,1.176638898734111,1.7480112084279322
ARIMA-GARCH-LSTM,Calibrated-ARIMA-GARCH-LSTM-scale_mean,scale_mean,1.5385484685513855,0.9726027397260274,2.3757100683268773,1.2024477548212331,1.8358945832750009
ARIMA-GARCH-LSTM,Calibrated-ARIMA-GARCH-LSTM-affine_nonnegative,affine_nonnegative,1.431853798848527,1.0,2.3757100683268773,1.175382801382107,1.7436829254499575
ARIMA-GARCH-LSTM,Calibrated-ARIMA-GARCH-LSTM-isotonic,isotonic,1.2508608911637833,1.0,2.3757100683268773,1.1261709683453613,1.580443552765957
LSTM-QLIKE,LSTM-QLIKE,raw,1.3754957841548636,1.0,2.3757100683268773,1.1858763490651132,1.7140734751998588
LSTM-QLIKE,Calibrated-LSTM-QLIKE-scale_qlike,scale_qlike,1.5433316536363066,1.0,2.3757100683268773,1.227070855116286,1.8589650042904746
LSTM-QLIKE,Calibrated-LSTM-QLIKE-scale_mean,scale_mean,1.6726970775586107,0.9863013698630136,2.3757100683268773,1.2607023611571402,1.9752286614614905
LSTM-QLIKE,Calibrated-LSTM-QLIKE-affine_nonnegative,affine_nonnegative,1.5593004748078723,1.0,2.3757100683268773,1.2311593233589233,1.873142701501157
LSTM-QLIKE,Calibrated-LSTM-QLIKE-isotonic,isotonic,1.3573535244779913,0.958904109589041,2.3757100683268773,1.1373000209295079,1.6648306780517066
Hybrid-QLIKE,Hybrid-QLIKE,raw,1.549292798881524,0.9863013698630136,2.3757100683268773,1.2305083298195814,1.862578359682915
Hybrid-QLIKE,Calibrated-Hybrid-QLIKE-scale_qlike,scale_qlike,1.5853804640865001,0.9863013698630136,2.3757100683268773,1.2397588108190973,1.8951567343513498
Hybrid-QLIKE,Calibrated-Hybrid-QLIKE-scale_mean,scale_mean,1.728828405847202,0.9726027397260274,2.3757100683268773,1.2773078561318574,2.0273910495666403
Hybrid-QLIKE,Calibrated-Hybrid-QLIKE-affine_nonnegative,affine_nonnegative,1.603419276140428,0.9863013698630136,2.3757100683268773,1.2444194621895985,1.9116014853289809
Hybrid-QLIKE,Calibrated-Hybrid-QLIKE-isotonic,isotonic,1.3655975143537271,0.9041095890410958,2.3757100683268773,1.1034729304844182,1.6261022338779507
LSTM-LogTarget,LSTM-LogTarget,raw,0.25539797721684065,1.0,2.3757100683268773,2.301501785580888,1.1086255618796224
LSTM-LogTarget,Calibrated-LSTM-LogTarget-scale_qlike,scale_qlike,1.4035162758121236,0.958904109589041,2.3757100683268773,1.12475012929135,1.684010892325915
LSTM-LogTarget,Calibrated-LSTM-LogTarget-scale_mean,scale_mean,1.3735328007163872,0.958904109589041,2.3757100683268773,1.117143871889657,1.6596475174595569
LSTM-LogTarget,Calibrated-LSTM-LogTarget-affine_nonnegative,affine_nonnegative,1.39761557459211,0.958904109589041,2.3757100683268773,1.1245976523852417,1.6803122574250178
LSTM-LogTarget,Calibrated-LSTM-LogTarget-isotonic,isotonic,1.3834975761656936,0.9315068493150684,2.3757100683268773,1.0896823978540977,1.6662525797436962
LSTM-LogTarget-Small,LSTM-LogTarget-Small,raw,0.28282966490384237,1.0,2.3757100683268773,2.2814987601126595,1.1235456755796545
LSTM-LogTarget-Small,Calibrated-LSTM-LogTarget-Small-scale_qlike,scale_qlike,1.7042172581400863,0.9178082191780822,2.3757100683268773,1.2617717236583765,2.0021477889509476
LSTM-LogTarget-Small,Calibrated-LSTM-LogTarget-Small-scale_mean,scale_mean,1.7936645979422992,0.8767123287671232,2.3757100683268773,1.2849862516221993,2.085751707636962
LSTM-LogTarget-Small,Calibrated-LSTM-LogTarget-Small-affine_nonnegative,affine_nonnegative,1.7097332332783817,0.9178082191780822,2.3757100683268773,1.263195570834396,2.007251373117045
LSTM-LogTarget-Small,Calibrated-LSTM-LogTarget-Small-isotonic,isotonic,1.7488439963452467,0.8082191780821918,2.3757100683268773,1.2091521864916113,2.0450107893472413
Hybrid-LogTarget,Hybrid-LogTarget,raw,0.2801267274890308,1.0,2.3757100683268773,2.0863595613632993,1.1092997951469603
Hybrid-LogTarget,Calibrated-Hybrid-LogTarget-scale_qlike,scale_qlike,1.539410866151987,0.9315068493150684,2.3757100683268773,1.1712243305232213,1.8055780497805993
Hybrid-LogTarget,Calibrated-Hybrid-LogTarget-scale_mean,scale_mean,1.5883032979577145,0.9315068493150684,2.3757100683268773,1.1845566594387769,1.8486030485439426
Hybrid-LogTarget,Calibrated-Hybrid-LogTarget-affine_nonnegative,affine_nonnegative,1.5251353993570518,0.9315068493150684,2.3757100683268773,1.1673609945434102,1.7931176575814671
Hybrid-LogTarget,Calibrated-Hybrid-LogTarget-isotonic,isotonic,1.604484042948324,0.8356164383561644,2.3757100683268773,1.1678764577348921,1.8675111919105976
Hybrid-LogTarget-Small,Hybrid-LogTarget-Small,raw,0.275325039523549,1.0,2.3757100683268773,2.232917375355168,1.1081647402489878
Hybrid-LogTarget-Small,Calibrated-Hybrid-LogTarget-Small-scale_qlike,scale_qlike,1.3484837280041462,0.9863013698630136,2.3757100683268773,1.1291280882068437,1.65061416073263
Hybrid-LogTarget-Small,Calibrated-Hybrid-LogTarget-Small-scale_mean,scale_mean,1.3776346774721173,0.9863013698630136,2.3757100683268773,1.1358979936379072,1.6744955986098344
Hybrid-LogTarget-Small,Calibrated-Hybrid-LogTarget-Small-affine_nonnegative,affine_nonnegative,1.3578385442636733,0.9863013698630136,2.3757100683268773,1.1312821946269518,1.658256258400555
Hybrid-LogTarget-Small,Calibrated-Hybrid-LogTarget-Small-isotonic,isotonic,1.3256792744746861,0.958904109589041,2.3757100683268773,1.1186706368669244,1.619575075428047
