path,size_bytes_before,sha256_before,size_bytes_after,sha256_after,_merge,status
outputs/audit/common_window_report.md,187,503e805da94e43deb74bcbbd19a300d9367b5aa35a403f9b7bf868acb5900cab,187,503e805da94e43deb74bcbbd19a300d9367b5aa35a403f9b7bf868acb5900cab,both,unchanged
outputs/audit/data_contract_report.md,370,62642cfdc172f06f189856feefcfcb27a8840db153fa544a5c8b1f6913ce3b23,370,62642cfdc172f06f189856feefcfcb27a8840db153fa544a5c8b1f6913ce3b23,both,unchanged
outputs/audit/econometric_diagnostics_report.md,1785,289cdb08cd6490338744a21e617aad873d564fa383e34da0613b407c2f54e851,1785,289cdb08cd6490338744a21e617aad873d564fa383e34da0613b407c2f54e851,both,unchanged
outputs/audit/prediction_schema_report.md,1466,5edd5e849e1b16751a86ab2372818433a253c76b6494bb621ba506568ecc7dec,1466,5edd5e849e1b16751a86ab2372818433a253c76b6494bb621ba506568ecc7dec,both,unchanged
outputs/audit/robustness_report.md,2272,d8ae4bb0e130c903151b046783461fa99b3f846cbb1a54e5ff466dc286d2ed22,2272,d8ae4bb0e130c903151b046783461fa99b3f846cbb1a54e5ff466dc286d2ed22,both,unchanged
outputs/audit/statistical_tests_report.md,2445,d41c6f7b918af01dd42c25c2fd20505ebca8ada039edd76b29e3524f4360d818,2445,d41c6f7b918af01dd42c25c2fd20505ebca8ada039edd76b29e3524f4360d818,both,unchanged
outputs/figures/fig_actual_vs_predicted_test_common.png,406714,c77f3ff7e11ac5fd026390038da4e326c09fb84883b09f28ec7d83237dda4816,406714,c77f3ff7e11ac5fd026390038da4e326c09fb84883b09f28ec7d83237dda4816,both,unchanged
outputs/figures/fig_actual_vs_predicted_test_common_zoom.png,368141,7821b38c4daace3e326e3f3969a7bef2953188c55d2abed1bb0df90ea88f7bc3,368141,7821b38c4daace3e326e3f3969a7bef2953188c55d2abed1bb0df90ea88f7bc3,both,unchanged
outputs/figures/fig_close_price.png,104247,21c3db060a006e654720eef572b110b34bf55c16e81fda1569abe55dcb2bfc0c,104247,21c3db060a006e654720eef572b110b34bf55c16e81fda1569abe55dcb2bfc0c,both,unchanged
outputs/figures/fig_log_return.png,148359,07d910ec4b8c7d69565340c982b4506f2cf2d63dd1041d922526720a04334e26,148359,07d910ec4b8c7d69565340c982b4506f2cf2d63dd1041d922526720a04334e26,both,unchanged
outputs/figures/fig_loss_difference_vs_garch.png,161619,db6357076b21ad8b09b7ebc88e3bf7945ce32afa8c89ec079679e718e52cd303,161619,db6357076b21ad8b09b7ebc88e3bf7945ce32afa8c89ec079679e718e52cd303,both,unchanged
outputs/figures/fig_lstm_base_loss.png,87684,d07083353a4c8054f565a985c35ec27edd0ba4aa0dfab2d67066d05bd2e7de89,87684,d07083353a4c8054f565a985c35ec27edd0ba4aa0dfab2d67066d05bd2e7de89,both,unchanged
outputs/figures/fig_lstm_hybrid_loss.png,99792,d46c58c0a10846f2721685338607c5bffb20c058c94c7347c1ddbe463c8c5a5f,99792,d46c58c0a10846f2721685338607c5bffb20c058c94c7347c1ddbe463c8c5a5f,both,unchanged
outputs/figures/fig_mae_comparison_common_test.png,237273,dac7da29f6c738d709226bdb93c242ffcf7008e39244863839b53edb60c88892,237273,dac7da29f6c738d709226bdb93c242ffcf7008e39244863839b53edb60c88892,both,unchanged
outputs/figures/fig_qlike_comparison_common_test.png,227741,868fdddefa2dbdaba03056137d775e957ca50ad2bf7f6a7326d5a1ceeec346b7,227741,868fdddefa2dbdaba03056137d775e957ca50ad2bf7f6a7326d5a1ceeec346b7,both,unchanged
outputs/figures/fig_regime_qlike.png,264664,926766b44a15ad270dfafa83dea7d5f82b59fed77fd28b1d573f7b8ae90d2ec5,264664,926766b44a15ad270dfafa83dea7d5f82b59fed77fd28b1d573f7b8ae90d2ec5,both,unchanged
outputs/figures/fig_rmse_comparison_common_test.png,237804,97bc889b969ca2e6de3b565107bdb42ee8124c8aeac633bc56c72f50a768ad5d,237804,97bc889b969ca2e6de3b565107bdb42ee8124c8aeac633bc56c72f50a768ad5d,both,unchanged
outputs/figures/fig_rolling_volatility.png,301767,32c9c0ca0d65a94de05ec6eaecdca5d71166225fed7792b1bbb1f9161900ab7d,301767,32c9c0ca0d65a94de05ec6eaecdca5d71166225fed7792b1bbb1f9161900ab7d,both,unchanged
outputs/figures/fig_squared_return.png,103478,b9a37d25c3228425779c8763742f626d0ad6a8c2c60e9ba66db0bc0c6e1ab8c7,103478,b9a37d25c3228425779c8763742f626d0ad6a8c2c60e9ba66db0bc0c6e1ab8c7,both,unchanged
outputs/figures/lstm_tuned/fig_loss_hybrid_logtarget.png,138793,2c71b1ffc3a7a9324fb89a25a7be1fdba7e21d1766afa20ede9a51ea6a3ba411,138793,2c71b1ffc3a7a9324fb89a25a7be1fdba7e21d1766afa20ede9a51ea6a3ba411,both,unchanged
outputs/figures/lstm_tuned/fig_loss_hybrid_logtarget_small.png,136217,1c2f1a3a55de1a45f312c68d2f7f2fdde7ebf81cea7ad6c4218493e156aecae1,136217,1c2f1a3a55de1a45f312c68d2f7f2fdde7ebf81cea7ad6c4218493e156aecae1,both,unchanged
outputs/figures/lstm_tuned/fig_loss_hybrid_qlike.png,103209,8828ba70559a11c4af98406598714a709bc03aac354225cb0937159043799b4a,103209,8828ba70559a11c4af98406598714a709bc03aac354225cb0937159043799b4a,both,unchanged
outputs/figures/lstm_tuned/fig_loss_lstm_logtarget.png,127872,172f88472890261da5395085f6d47f55311bba28fa4e2f32a300221903acf89b,127872,172f88472890261da5395085f6d47f55311bba28fa4e2f32a300221903acf89b,both,unchanged
outputs/figures/lstm_tuned/fig_loss_lstm_logtarget_small.png,124174,6eac4bf5b89ab01fd86e2a8dd082cc4aa9572a00f74a153f50b99c3a17c1c457,124174,6eac4bf5b89ab01fd86e2a8dd082cc4aa9572a00f74a153f50b99c3a17c1c457,both,unchanged
outputs/figures/lstm_tuned/fig_loss_lstm_qlike.png,103124,aec99272d429553a42462ff6ad231e852dc0e4c18001c6c6a3b0b99b0cf786ba,103124,aec99272d429553a42462ff6ad231e852dc0e4c18001c6c6a3b0b99b0cf786ba,both,unchanged
outputs/figures/lstm_tuned/fig_lstm_tuned_qlike_comparison.png,178366,0e95cd1666dfed604d4d0d5aa31192379318c7983324a2c5b60b10896b500cbb,178366,0e95cd1666dfed604d4d0d5aa31192379318c7983324a2c5b60b10896b500cbb,both,unchanged
outputs/metrics/arima_garch_summary.txt,2090,5c3aa64281d35111b30d252d229ffe464cb62142e451d70a8d0488f4f348f8fb,2090,5c3aa64281d35111b30d252d229ffe464cb62142e451d70a8d0488f4f348f8fb,both,unchanged
outputs/metrics/arima_order_selection.csv,1026,c20df55864b44419314d6b3bfb60b4eb7c379c96e01bda7acc0ed3457287ffab,1026,c20df55864b44419314d6b3bfb60b4eb7c379c96e01bda7acc0ed3457287ffab,both,unchanged
outputs/metrics/arima_summary.txt,2286,3c2529f4f9838c21133ebb466a0fd01cb96e14260516ecb627c44ace18d3b099,2286,3c2529f4f9838c21133ebb466a0fd01cb96e14260516ecb627c44ace18d3b099,both,unchanged
outputs/metrics/data_summary.csv,3074,f71719b46e989e499dbba76f1cc2eccef71cd5075799e61f6de5bcf950f33470,3074,f71719b46e989e499dbba76f1cc2eccef71cd5075799e61f6de5bcf950f33470,both,unchanged
outputs/metrics/econometric_metrics.csv,1715,c0b8c7f1fbce52b3e5bb3047250ee57ea2189121a59e7759949b55e4de386c7f,1715,c0b8c7f1fbce52b3e5bb3047250ee57ea2189121a59e7759949b55e4de386c7f,both,unchanged
outputs/metrics/econometric_metrics_test_only.csv,878,56b4089150ff39b8ae15c7f417b005c5bc074d2e1a260ee269d684b62f59f0de,878,56b4089150ff39b8ae15c7f417b005c5bc074d2e1a260ee269d684b62f59f0de,both,unchanged
outputs/metrics/final_evaluation_summary.txt,3043,0f02fb982ac40dd7925640eba53e70484e38b0085859d6de2094af3c9c619e4f,3043,0f02fb982ac40dd7925640eba53e70484e38b0085859d6de2094af3c9c619e4f,both,unchanged
outputs/metrics/final_model_comparison_available.csv,4237,7e0dd40b499f515dddc285ff4e620fc1a8520322be605cc26475eb2fb1543d92,4237,7e0dd40b499f515dddc285ff4e620fc1a8520322be605cc26475eb2fb1543d92,both,unchanged
outputs/metrics/final_model_comparison_available_test_only.csv,2124,547d4b871eea4d3e2e60ed91ab215a4b208ce11d2a116be00dc79ad0135afe9f,2124,547d4b871eea4d3e2e60ed91ab215a4b208ce11d2a116be00dc79ad0135afe9f,both,unchanged
outputs/metrics/final_model_comparison_common.csv,4160,b1b63c849936aa8cd7c3c3601ee531e5925d0124ba78ea66cefd645c51269674,4160,b1b63c849936aa8cd7c3c3601ee531e5925d0124ba78ea66cefd645c51269674,both,unchanged
outputs/metrics/final_model_comparison_common_test_only.csv,2083,4fd2e24616b368fdbe6ff74954030f78cbff8311df8c2f6c09d1a8f5eb98cb4c,2083,4fd2e24616b368fdbe6ff74954030f78cbff8311df8c2f6c09d1a8f5eb98cb4c,both,unchanged
outputs/metrics/garch_summary.txt,2226,bfd3b5646ff91cc8d5712e6a7e7c01585dd502b12887cfc1a8d9bfba9eb84e43,2226,bfd3b5646ff91cc8d5712e6a7e7c01585dd502b12887cfc1a8d9bfba9eb84e43,both,unchanged
outputs/metrics/lstm_base_training_history.csv,871,a606be55c1ac287ff91203192495ec7d684cc1eceacd94b9ea06c80bbd3a8640,871,a606be55c1ac287ff91203192495ec7d684cc1eceacd94b9ea06c80bbd3a8640,both,unchanged
outputs/metrics/lstm_feature_summary.csv,480,de0c3ba8e5739e479683f32d258c1a7b6fd01b75e47af293c73f730b49c29388,480,de0c3ba8e5739e479683f32d258c1a7b6fd01b75e47af293c73f730b49c29388,both,unchanged
outputs/metrics/lstm_hybrid_training_history.csv,949,ab0967a788f10da3cb89866d09a8c8c0e732876a1a07b19baa3f31676fb12d15,949,ab0967a788f10da3cb89866d09a8c8c0e732876a1a07b19baa3f31676fb12d15,both,unchanged
outputs/metrics/lstm_metrics.csv,607,98f1eb3c5b63582eb42f6d2949ca15fc9f268f4b02304970df662a4147b72cf1,607,98f1eb3c5b63582eb42f6d2949ca15fc9f268f4b02304970df662a4147b72cf1,both,unchanged
outputs/metrics/lstm_metrics_test_only.csv,332,856f820396f37773e2ef8902c7da07b6a092a2b8dcc697cf9ed9754b9b3aff7a,332,856f820396f37773e2ef8902c7da07b6a092a2b8dcc697cf9ed9754b9b3aff7a,both,unchanged
outputs/metrics/lstm_tuned/history_hybrid_logtarget.csv,1699,5a3b71b7dd0fc05e4d155a3714e93cfd166f4778be8433149b2822ad93b96620,1699,5a3b71b7dd0fc05e4d155a3714e93cfd166f4778be8433149b2822ad93b96620,both,unchanged
outputs/metrics/lstm_tuned/history_hybrid_logtarget_small.csv,1903,c47579a8ea2696e695c7f9ea5e78f42173b3ddf0e50b078bc6ab9849f350a638,1903,c47579a8ea2696e695c7f9ea5e78f42173b3ddf0e50b078bc6ab9849f350a638,both,unchanged
outputs/metrics/lstm_tuned/history_hybrid_qlike.csv,1721,f4beff3ce2bfce09324c1cf77b2eb13504b1ad0989780d62b26dd8d71d24b7af,1721,f4beff3ce2bfce09324c1cf77b2eb13504b1ad0989780d62b26dd8d71d24b7af,both,unchanged
outputs/metrics/lstm_tuned/history_lstm_logtarget.csv,2191,32c1fe1704774c68afc2b130598cfad1a9878ce6fdcbd2be2c5147829621e3c3,2191,32c1fe1704774c68afc2b130598cfad1a9878ce6fdcbd2be2c5147829621e3c3,both,unchanged
outputs/metrics/lstm_tuned/history_lstm_logtarget_small.csv,1602,127c209b0d3f6aa2a41300facb7e3fdbec9b3f21c3d3655475bbe5ca55ca82c2,1602,127c209b0d3f6aa2a41300facb7e3fdbec9b3f21c3d3655475bbe5ca55ca82c2,both,unchanged
outputs/metrics/lstm_tuned/history_lstm_qlike.csv,1624,75c6b879ace4ae85a0512320f7787458cbdca3320537e5ed51dcaa25256745c8,1624,75c6b879ace4ae85a0512320f7787458cbdca3320537e5ed51dcaa25256745c8,both,unchanged
outputs/metrics/lstm_tuned/lstm_tuned_failed_variants.csv,61,c5db531cd919c3845dd2ec82d84dc355bdb8ff15b7a93cbcf9ad487970eaacd5,61,c5db531cd919c3845dd2ec82d84dc355bdb8ff15b7a93cbcf9ad487970eaacd5,both,unchanged
outputs/metrics/lstm_tuned/lstm_tuned_metrics.csv,1753,44d7abefc6d454a663b304cc11845a0ed8a668df40d99fde688ef2d19065813d,1753,44d7abefc6d454a663b304cc11845a0ed8a668df40d99fde688ef2d19065813d,both,unchanged
outputs/metrics/lstm_tuned/lstm_tuned_metrics_test_only.csv,896,dc6a219c8b5a7730a643985cbd649da2af08d43c89ef70779279dd89c502b1a7,896,dc6a219c8b5a7730a643985cbd649da2af08d43c89ef70779279dd89c502b1a7,both,unchanged
outputs/metrics/lstm_tuned/lstm_tuned_selection_summary.csv,2316,dc393ad970b38edb0a47ef0ced712efd0bd37a87dd375e2073385f1ef48c471b,2316,dc393ad970b38edb0a47ef0ced712efd0bd37a87dd375e2073385f1ef48c471b,both,unchanged
outputs/metrics/predictions_test_common_wide.csv,220952,920b46e5183b6226fc058b74231546dac23e4e26cdf8bc78279d232ea6a9694e,220952,920b46e5183b6226fc058b74231546dac23e4e26cdf8bc78279d232ea6a9694e,both,unchanged
outputs/metrics/predictions_validation_common_wide.csv,221644,61aa0b092801dfa2631377154362e4d0faed792cbf51498c27ec69a1679cb0b8,221644,61aa0b092801dfa2631377154362e4d0faed792cbf51498c27ec69a1679cb0b8,both,unchanged
outputs/models/arima_garch_garch.pkl,184435,369fe2a0977cbd3bbfbdaf2baeebfc5ab012034755fbe42f38c32ecddad034ad,184435,369fe2a0977cbd3bbfbdaf2baeebfc5ab012034755fbe42f38c32ecddad034ad,both,unchanged
outputs/models/arima_model.pkl,8741163,ffc2e5cfe3b8e3a3003387ca28ae07d4236aa561bc277a2571a7f70ebfd27a4c,8741163,ffc2e5cfe3b8e3a3003387ca28ae07d4236aa561bc277a2571a7f70ebfd27a4c,both,unchanged
outputs/models/garch_11.pkl,200933,9aee79d3ea2924f872cd699b39fdaeab5bafce58b6155fe02af47e1fa63d6273,200933,9aee79d3ea2924f872cd699b39fdaeab5bafce58b6155fe02af47e1fa63d6273,both,unchanged
outputs/models/lstm_base.keras,280884,76a22d7b7e828d7124872d82e4dacf25574250b46ff5a786344511eacb6752b9,280884,76a22d7b7e828d7124872d82e4dacf25574250b46ff5a786344511eacb6752b9,both,unchanged
outputs/models/lstm_base_features.txt,106,39154c5bfb2210721c28e7716c7acc5f990847c39db88264499a66f31ee1f59b,106,39154c5bfb2210721c28e7716c7acc5f990847c39db88264499a66f31ee1f59b,both,unchanged
outputs/models/lstm_base_imputer_values.json,288,17f200c167d737638f74e7266c44cbeea3e47d44175683b19a145ed2303a4cde,288,17f200c167d737638f74e7266c44cbeea3e47d44175683b19a145ed2303a4cde,both,unchanged
outputs/models/lstm_base_scaler.pkl,775,7733f8b1b3e69a488b2728959f258548d9b9f6c7840cf294513b46092ee968ac,775,7733f8b1b3e69a488b2728959f258548d9b9f6c7840cf294513b46092ee968ac,both,unchanged
outputs/models/lstm_hybrid.keras,299330,39f6f3809bda3c369d2d6a296b49652779bc8a310384dfce22140e861d3894cd,299330,39f6f3809bda3c369d2d6a296b49652779bc8a310384dfce22140e861d3894cd,both,unchanged
outputs/models/lstm_hybrid_features.txt,218,abb06c447244c68d327a81630aaabb0c79f11be41e0d8d843e948258531fe037,218,abb06c447244c68d327a81630aaabb0c79f11be41e0d8d843e948258531fe037,both,unchanged
outputs/models/lstm_hybrid_imputer_values.json,549,e5395df232a9813827fda9965aa48e4ef41c56089faefdcf7d058601f5f529eb,549,e5395df232a9813827fda9965aa48e4ef41c56089faefdcf7d058601f5f529eb,both,unchanged
outputs/models/lstm_hybrid_scaler.pkl,919,a4a2b47a2a188194e2a4259a5d1e4a792dbc9e37b1997e0771a44b66ed59d682,919,a4a2b47a2a188194e2a4259a5d1e4a792dbc9e37b1997e0771a44b66ed59d682,both,unchanged
outputs/models/lstm_tuned/features_hybrid_logtarget.txt,218,abb06c447244c68d327a81630aaabb0c79f11be41e0d8d843e948258531fe037,218,abb06c447244c68d327a81630aaabb0c79f11be41e0d8d843e948258531fe037,both,unchanged
outputs/models/lstm_tuned/features_hybrid_logtarget_small.txt,218,abb06c447244c68d327a81630aaabb0c79f11be41e0d8d843e948258531fe037,218,abb06c447244c68d327a81630aaabb0c79f11be41e0d8d843e948258531fe037,both,unchanged
outputs/models/lstm_tuned/features_hybrid_qlike.txt,218,abb06c447244c68d327a81630aaabb0c79f11be41e0d8d843e948258531fe037,218,abb06c447244c68d327a81630aaabb0c79f11be41e0d8d843e948258531fe037,both,unchanged
outputs/models/lstm_tuned/features_lstm_logtarget.txt,106,39154c5bfb2210721c28e7716c7acc5f990847c39db88264499a66f31ee1f59b,106,39154c5bfb2210721c28e7716c7acc5f990847c39db88264499a66f31ee1f59b,both,unchanged
outputs/models/lstm_tuned/features_lstm_logtarget_small.txt,106,39154c5bfb2210721c28e7716c7acc5f990847c39db88264499a66f31ee1f59b,106,39154c5bfb2210721c28e7716c7acc5f990847c39db88264499a66f31ee1f59b,both,unchanged
outputs/models/lstm_tuned/features_lstm_qlike.txt,106,39154c5bfb2210721c28e7716c7acc5f990847c39db88264499a66f31ee1f59b,106,39154c5bfb2210721c28e7716c7acc5f990847c39db88264499a66f31ee1f59b,both,unchanged
outputs/models/lstm_tuned/imputer_hybrid_logtarget.pkl,1111,c88eb08ace5c8d090689dd51b1fe875ccba227cec2136705a7592e601a7d2cac,1111,c88eb08ace5c8d090689dd51b1fe875ccba227cec2136705a7592e601a7d2cac,both,unchanged
outputs/models/lstm_tuned/imputer_hybrid_logtarget_small.pkl,1111,c88eb08ace5c8d090689dd51b1fe875ccba227cec2136705a7592e601a7d2cac,1111,c88eb08ace5c8d090689dd51b1fe875ccba227cec2136705a7592e601a7d2cac,both,unchanged
outputs/models/lstm_tuned/imputer_hybrid_qlike.pkl,1111,c88eb08ace5c8d090689dd51b1fe875ccba227cec2136705a7592e601a7d2cac,1111,c88eb08ace5c8d090689dd51b1fe875ccba227cec2136705a7592e601a7d2cac,both,unchanged
outputs/models/lstm_tuned/imputer_lstm_logtarget.pkl,935,b2257c6f4c8a1c058fab770f531bfb4b8fc5a1845d3c6eb0f2599cac5bdf8385,935,b2257c6f4c8a1c058fab770f531bfb4b8fc5a1845d3c6eb0f2599cac5bdf8385,both,unchanged
outputs/models/lstm_tuned/imputer_lstm_logtarget_small.pkl,935,b2257c6f4c8a1c058fab770f531bfb4b8fc5a1845d3c6eb0f2599cac5bdf8385,935,b2257c6f4c8a1c058fab770f531bfb4b8fc5a1845d3c6eb0f2599cac5bdf8385,both,unchanged
outputs/models/lstm_tuned/imputer_lstm_qlike.pkl,935,b2257c6f4c8a1c058fab770f531bfb4b8fc5a1845d3c6eb0f2599cac5bdf8385,935,b2257c6f4c8a1c058fab770f531bfb4b8fc5a1845d3c6eb0f2599cac5bdf8385,both,unchanged
outputs/models/lstm_tuned/model_hybrid_logtarget.keras,299478,8674f8c4a3a6734ce76c605f252d81f1b94d02b0c1cdf3ef5fb0ba9bc489041d,299478,8674f8c4a3a6734ce76c605f252d81f1b94d02b0c1cdf3ef5fb0ba9bc489041d,both,unchanged
outputs/models/lstm_tuned/model_hybrid_logtarget_small.keras,110166,01a91181ab76a0c58960ff530eb6cdd62188a51b6764acd9983ae0007f3f32a3,110166,01a91181ab76a0c58960ff530eb6cdd62188a51b6764acd9983ae0007f3f32a3,both,unchanged
outputs/models/lstm_tuned/model_hybrid_qlike.keras,299585,eb6033d473ba94d1c4d9d0251ddbee3c1c5d06104c5476a4e0d5fd5e5266df1b,299585,eb6033d473ba94d1c4d9d0251ddbee3c1c5d06104c5476a4e0d5fd5e5266df1b,both,unchanged
outputs/models/lstm_tuned/model_lstm_logtarget.keras,281041,b648ca172b3672d30adbb4d28ed6f87cd66e0f1ccef7c05bf8f0af9ae040fea5,281041,b648ca172b3672d30adbb4d28ed6f87cd66e0f1ccef7c05bf8f0af9ae040fea5,both,unchanged
outputs/models/lstm_tuned/model_lstm_logtarget_small.keras,100946,a54aea2490807570475ca9cdcbf7d72f7764e200a70651a12afa86469f97ee42,100946,a54aea2490807570475ca9cdcbf7d72f7764e200a70651a12afa86469f97ee42,both,unchanged
outputs/models/lstm_tuned/model_lstm_qlike.keras,281149,3864a9b351e2cde5b1a686f4261ef9a17ef2260afd58f2a15c71bc257c7f6455,281149,3864a9b351e2cde5b1a686f4261ef9a17ef2260afd58f2a15c71bc257c7f6455,both,unchanged
outputs/models/lstm_tuned/scaler_hybrid_logtarget.pkl,919,a4a2b47a2a188194e2a4259a5d1e4a792dbc9e37b1997e0771a44b66ed59d682,919,a4a2b47a2a188194e2a4259a5d1e4a792dbc9e37b1997e0771a44b66ed59d682,both,unchanged
outputs/models/lstm_tuned/scaler_hybrid_logtarget_small.pkl,919,a4a2b47a2a188194e2a4259a5d1e4a792dbc9e37b1997e0771a44b66ed59d682,919,a4a2b47a2a188194e2a4259a5d1e4a792dbc9e37b1997e0771a44b66ed59d682,both,unchanged
outputs/models/lstm_tuned/scaler_hybrid_qlike.pkl,919,a4a2b47a2a188194e2a4259a5d1e4a792dbc9e37b1997e0771a44b66ed59d682,919,a4a2b47a2a188194e2a4259a5d1e4a792dbc9e37b1997e0771a44b66ed59d682,both,unchanged
outputs/models/lstm_tuned/scaler_lstm_logtarget.pkl,775,7733f8b1b3e69a488b2728959f258548d9b9f6c7840cf294513b46092ee968ac,775,7733f8b1b3e69a488b2728959f258548d9b9f6c7840cf294513b46092ee968ac,both,unchanged
outputs/models/lstm_tuned/scaler_lstm_logtarget_small.pkl,775,7733f8b1b3e69a488b2728959f258548d9b9f6c7840cf294513b46092ee968ac,775,7733f8b1b3e69a488b2728959f258548d9b9f6c7840cf294513b46092ee968ac,both,unchanged
outputs/models/lstm_tuned/scaler_lstm_qlike.pkl,775,7733f8b1b3e69a488b2728959f258548d9b9f6c7840cf294513b46092ee968ac,775,7733f8b1b3e69a488b2728959f258548d9b9f6c7840cf294513b46092ee968ac,both,unchanged
outputs/predictions/lstm_tuned/pred_hybrid_logtarget.csv,125939,160531269e6ce86c8e0616a85f74c1045a2cdae12649764e5229636a07644d36,125939,160531269e6ce86c8e0616a85f74c1045a2cdae12649764e5229636a07644d36,both,unchanged
outputs/predictions/lstm_tuned/pred_hybrid_logtarget_small.csv,134685,f2df8b0284d39deb9cf4c93b46c87432846ff7ed9d1b804b7f9331046177238f,134685,f2df8b0284d39deb9cf4c93b46c87432846ff7ed9d1b804b7f9331046177238f,both,unchanged
outputs/predictions/lstm_tuned/pred_hybrid_qlike.csv,118699,298b97c09bc70e23eba8b02be342c236d361ac21591953ba6ec4a8921134429a,118699,298b97c09bc70e23eba8b02be342c236d361ac21591953ba6ec4a8921134429a,both,unchanged
outputs/predictions/lstm_tuned/pred_lstm_logtarget.csv,123027,c48cb87f5f08108f519ab6c4614f28b2c360ccb488838d518bd30c36f99bc1bb,123027,c48cb87f5f08108f519ab6c4614f28b2c360ccb488838d518bd30c36f99bc1bb,both,unchanged
outputs/predictions/lstm_tuned/pred_lstm_logtarget_small.csv,131796,fa91ebb8905577cf879dc1987d9daa909aa915e0e96604e77d6bc9d6bbc5dce5,131796,fa91ebb8905577cf879dc1987d9daa909aa915e0e96604e77d6bc9d6bbc5dce5,both,unchanged
outputs/predictions/lstm_tuned/pred_lstm_qlike.csv,115834,ffad44154476a4e998abe469275fddaf745a0b2ddec8b66343d0af8fa71ab747,115834,ffad44154476a4e998abe469275fddaf745a0b2ddec8b66343d0af8fa71ab747,both,unchanged
outputs/predictions/pred_arima_garch.csv,119007,04688aca9d8c73bc2bff8687eb4bac29dc4cda65da32ffa616b2f568dd4faed4,119007,04688aca9d8c73bc2bff8687eb4bac29dc4cda65da32ffa616b2f568dd4faed4,both,unchanged
outputs/predictions/pred_baseline_mean.csv,123856,f2fc9f50cbf6487d5576829cfb6f4190fe9aeeb0d7a3f42a96b302e29f181df6,123856,f2fc9f50cbf6487d5576829cfb6f4190fe9aeeb0d7a3f42a96b302e29f181df6,both,unchanged
outputs/predictions/pred_garch_11.csv,120538,c85d6c50c64cb22caa6bd7e52e458e82dbd2fddac1361d5997f019b30f3e3fb7,120538,c85d6c50c64cb22caa6bd7e52e458e82dbd2fddac1361d5997f019b30f3e3fb7,both,unchanged
outputs/predictions/pred_lstm_base.csv,107071,64efddc8d0c8e7b326b0725d3cac655c28b444367ff470b64582222e59a193dd,107071,64efddc8d0c8e7b326b0725d3cac655c28b444367ff470b64582222e59a193dd,both,unchanged
outputs/predictions/pred_lstm_hybrid.csv,124567,15ece42ff189223ff645410831b6f756701e15c67475f6e6252c92b6f71f1dfc,124567,15ece42ff189223ff645410831b6f756701e15c67475f6e6252c92b6f71f1dfc,both,unchanged
outputs/predictions/pred_rolling_vol_10.csv,122262,8868ba155228b4dc4762bfcc46c1c999c9215f510d8768b6caa8839800f7e00d,122262,8868ba155228b4dc4762bfcc46c1c999c9215f510d8768b6caa8839800f7e00d,both,unchanged
outputs/predictions/pred_rolling_vol_20.csv,122160,451ab2641c79df3e53af98ea0a887b43fab67f309c56f37e00e81e476cdf713c,122160,451ab2641c79df3e53af98ea0a887b43fab67f309c56f37e00e81e476cdf713c,both,unchanged
outputs/predictions/pred_rolling_vol_5.csv,120925,4b426241025f848ea7f76812d1a74085306672e36aedffd4cff867743199290a,120925,4b426241025f848ea7f76812d1a74085306672e36aedffd4cff867743199290a,both,unchanged
outputs/tables/table_arch_lm_tests.csv,503,b65c88b5648de7f54c404ab979b5ac5539dedea41695eceb903d9cd46c5f01e6,503,b65c88b5648de7f54c404ab979b5ac5539dedea41695eceb903d9cd46c5f01e6,both,unchanged
outputs/tables/table_dm_tests_absolute_error.csv,2286,3b90797c8e68e2cb8be72043668f84ab4eb929414793ecaf7c497bc5701c51ac,2286,3b90797c8e68e2cb8be72043668f84ab4eb929414793ecaf7c497bc5701c51ac,both,unchanged
outputs/tables/table_dm_tests_qlike.csv,2106,5ada27b97aad0118b90203779a13ef001cda63603ecc80cbafe90cfdf70474ad,2106,5ada27b97aad0118b90203779a13ef001cda63603ecc80cbafe90cfdf70474ad,both,unchanged
outputs/tables/table_dm_tests_squared_error.csv,2285,c7880e0a6fa468c425564a7cc9ece6e759de200378a95ff1d3b9aff1f0d55b8a,2285,c7880e0a6fa468c425564a7cc9ece6e759de200378a95ff1d3b9aff1f0d55b8a,both,unchanged
outputs/tables/table_garch_diagnostics.csv,905,84567e018c126a93f3fb0a7611c2c360e17e37fb4dc7d528b7385422e4c9aec3,905,84567e018c126a93f3fb0a7611c2c360e17e37fb4dc7d528b7385422e4c9aec3,both,unchanged
outputs/tables/table_model_comparison_available.md,1168,f9fee337333994f52900b589f75071f21845597d8dd2ef4455b689b557c7322e,1168,f9fee337333994f52900b589f75071f21845597d8dd2ef4455b689b557c7322e,both,unchanged
outputs/tables/table_model_comparison_available.tex,955,4c5d2bae37577ee179847b08ca363f1d579b9999f41ee3d1d281856570f43e00,955,4c5d2bae37577ee179847b08ca363f1d579b9999f41ee3d1d281856570f43e00,both,unchanged
outputs/tables/table_model_comparison_common.md,1168,423741721c9b568a9d67ecff702f0de3cbff725430fc50fe196765ea18bb8f99,1168,423741721c9b568a9d67ecff702f0de3cbff725430fc50fe196765ea18bb8f99,both,unchanged
outputs/tables/table_model_comparison_common.tex,955,61b032dbdb3481cb0ec89bd0bde275b9dcac25a5b370b03e035c50be107b4b69,955,61b032dbdb3481cb0ec89bd0bde275b9dcac25a5b370b03e035c50be107b4b69,both,unchanged
outputs/tables/table_regime_results.csv,7107,f87a15a588871b21a9ea889337fc32c069d554374e7c9325f3dd00eff7bc26af,7107,f87a15a588871b21a9ea889337fc32c069d554374e7c9325f3dd00eff7bc26af,both,unchanged
outputs/tables/table_stationarity_tests.csv,2196,51f62d8c882a830cd5443dc0f90fa98514d9febb58dfb208ed718e882bb0276f,2196,51f62d8c882a830cd5443dc0f90fa98514d9febb58dfb208ed718e882bb0276f,both,unchanged
outputs/tables/table_underprediction_analysis.csv,2629,9b67dcbb138011293c215739aef80e7657c6f5fad818948a95371130f4a8d7e8,2629,9b67dcbb138011293c215739aef80e7657c6f5fad818948a95371130f4a8d7e8,both,unchanged
outputs/tables/table_yearly_results.csv,6786,f75242c5324a899f366500db1798fb39dcd80fe1032fdf9002e473621508bbac,6786,f75242c5324a899f366500db1798fb39dcd80fe1032fdf9002e473621508bbac,both,unchanged
