model,mean_qlike_loss,mean_loss_rank,included_in_MCS_90,included_in_MCS_95,elimination_step_90,mcs_p_value_90,elimination_step_95,mcs_p_value_95,method,bootstrap_replications,block_length
AdvGARCH-BestHeavyTail,1.0212715443359264,1,True,True,,,,,documented_approximation_block_bootstrap_range_statistic,300,27
AdvGARCH-BestAsymmetric,1.0214125166477663,2,True,True,,,,,documented_approximation_block_bootstrap_range_statistic,300,27
AdvGARCH-BestQLIKE,1.0228981487596087,3,True,True,,,,,documented_approximation_block_bootstrap_range_statistic,300,27
AdvGARCH-BestARIMA,1.0228981487596087,4,True,True,,,,,documented_approximation_block_bootstrap_range_statistic,300,27
Refit-BestGARCHFamily-fixed_train_only,1.0228981487596087,5,True,True,,,,,documented_approximation_block_bootstrap_range_statistic,300,27
ComboPair-BestGARCHFamily_HybridQLIKE,1.0262653123459162,6,True,True,,,,,documented_approximation_block_bootstrap_range_statistic,300,27
ComboMean-PoolA_Econometric,1.0376632322714001,7,True,True,,,,,documented_approximation_block_bootstrap_range_statistic,300,27
ComboMedian-PoolA_Econometric,1.040306633303453,8,True,True,,,,,documented_approximation_block_bootstrap_range_statistic,300,27
ComboStack-PoolA_Econometric,1.0424057272556355,9,True,True,,,,,documented_approximation_block_bootstrap_range_statistic,300,27
ComboPair-BestRefitGARCH_HybridQLIKE,1.0471818808486189,10,True,True,,,,,documented_approximation_block_bootstrap_range_statistic,300,27
ComboStack-PoolB_GARCH_Neural,1.0476758713955616,11,True,True,,,,,documented_approximation_block_bootstrap_range_statistic,300,27
Refit-OriginalGARCH-expanding_quarterly,1.049903744110079,12,True,True,,,,,documented_approximation_block_bootstrap_range_statistic,300,27
Refit-OriginalARIMAGARCH-expanding_quarterly,1.050878634196105,13,True,True,,,,,documented_approximation_block_bootstrap_range_statistic,300,27
ComboPair-GARCH11_ARIMAGARCH,1.0528883385999728,14,True,True,,,,,documented_approximation_block_bootstrap_range_statistic,300,27
"GARCH(1,1)",1.0528883385999728,15,True,True,,,,,documented_approximation_block_bootstrap_range_statistic,300,27
AdvGARCH-BestSymmetric,1.0534564859360493,16,True,True,,,,,documented_approximation_block_bootstrap_range_statistic,300,27
ARIMA-GARCH,1.055678688239123,17,True,True,,,,,documented_approximation_block_bootstrap_range_statistic,300,27
ComboPair-GARCH11_HybridQLIKE,1.0584746060370984,18,True,True,,,,,documented_approximation_block_bootstrap_range_statistic,300,27
Refit-BestAsymmetric-rolling_1000_monthly,1.059756232776998,19,True,True,,,,,documented_approximation_block_bootstrap_range_statistic,300,27
ComboMean-PoolC_GARCH_CalibratedNeural,1.0638308194428638,20,True,True,,,,,documented_approximation_block_bootstrap_range_statistic,300,27
ComboMedian-PoolC_GARCH_CalibratedNeural,1.071273201685872,21,True,True,,,,,documented_approximation_block_bootstrap_range_statistic,300,27
Calibrated-LSTM-LogTarget-isotonic,1.0896823978540977,22,True,True,,,,,documented_approximation_block_bootstrap_range_statistic,300,27
ComboPair-BestRefitGARCH_BestCalibratedNeural,1.1022035627342017,23,True,True,,,,,documented_approximation_block_bootstrap_range_statistic,300,27
Calibrated-Hybrid-QLIKE-isotonic,1.1034729304844182,24,True,True,,,,,documented_approximation_block_bootstrap_range_statistic,300,27
ComboPair-BestGARCHFamily_BestCalibratedNeural,1.1090484278458674,25,True,True,,,,,documented_approximation_block_bootstrap_range_statistic,300,27
ComboStack-PoolC_GARCH_CalibratedNeural,1.109833007195755,26,True,True,,,,,documented_approximation_block_bootstrap_range_statistic,300,27
ComboStack-PoolD_AllStable,1.1135298016843957,27,True,True,,,,,documented_approximation_block_bootstrap_range_statistic,300,27
ComboMean-PoolD_AllStable,1.1168848746740219,28,True,True,,,,,documented_approximation_block_bootstrap_range_statistic,300,27
Calibrated-LSTM-LogTarget-scale_mean,1.1171438718896567,29,True,True,,,,,documented_approximation_block_bootstrap_range_statistic,300,27
Calibrated-Hybrid-LogTarget-Small-isotonic,1.1186706368669244,30,True,True,,,,,documented_approximation_block_bootstrap_range_statistic,300,27
Calibrated-LSTM-LogTarget-affine_nonnegative,1.1245976523852417,31,True,True,,,,,documented_approximation_block_bootstrap_range_statistic,300,27
Calibrated-LSTM-LogTarget-scale_qlike,1.12475012929135,32,True,True,,,,,documented_approximation_block_bootstrap_range_statistic,300,27
Calibrated-LSTM-isotonic,1.1251244637744555,33,True,True,,,,,documented_approximation_block_bootstrap_range_statistic,300,27
Calibrated-ARIMA-GARCH-LSTM-isotonic,1.1261709683453613,34,True,True,,,,,documented_approximation_block_bootstrap_range_statistic,300,27
ComboMean-PoolB_GARCH_Neural,1.1290867566971243,35,True,True,,,,,documented_approximation_block_bootstrap_range_statistic,300,27
Calibrated-Hybrid-LogTarget-Small-scale_qlike,1.1291280882068437,36,True,True,,,,,documented_approximation_block_bootstrap_range_statistic,300,27
Calibrated-Hybrid-LogTarget-Small-affine_nonnegative,1.1312821946269518,37,True,True,,,,,documented_approximation_block_bootstrap_range_statistic,300,27
Calibrated-Hybrid-LogTarget-Small-scale_mean,1.135897993637907,38,True,True,,,,,documented_approximation_block_bootstrap_range_statistic,300,27
Calibrated-LSTM-QLIKE-isotonic,1.1373000209295079,39,True,True,,,,,documented_approximation_block_bootstrap_range_statistic,300,27
ComboMedian-PoolD_AllStable,1.1446701307431955,40,True,True,,,,,documented_approximation_block_bootstrap_range_statistic,300,27
LSTM,1.1610005135850472,41,True,True,,,,,documented_approximation_block_bootstrap_range_statistic,300,27
Calibrated-Hybrid-LogTarget-affine_nonnegative,1.1673609945434102,42,True,True,,,,,documented_approximation_block_bootstrap_range_statistic,300,27
Calibrated-Hybrid-LogTarget-isotonic,1.1678764577348923,43,True,True,,,,,documented_approximation_block_bootstrap_range_statistic,300,27
ARIMA-GARCH-LSTM,1.1686091687616968,44,True,True,,,,,documented_approximation_block_bootstrap_range_statistic,300,27
Calibrated-Hybrid-LogTarget-scale_qlike,1.1712243305232213,45,True,True,,,,,documented_approximation_block_bootstrap_range_statistic,300,27
ComboMedian-PoolB_GARCH_Neural,1.1733044003079365,46,True,True,,,,,documented_approximation_block_bootstrap_range_statistic,300,27
Calibrated-ARIMA-GARCH-LSTM-affine_nonnegative,1.1753828013821073,47,True,True,,,,,documented_approximation_block_bootstrap_range_statistic,300,27
Calibrated-ARIMA-GARCH-LSTM-scale_qlike,1.176638898734111,48,True,True,,,,,documented_approximation_block_bootstrap_range_statistic,300,27
Calibrated-Hybrid-LogTarget-scale_mean,1.1845566594387769,49,True,True,,,,,documented_approximation_block_bootstrap_range_statistic,300,27
LSTM-QLIKE,1.1858763490651132,50,True,True,,,,,documented_approximation_block_bootstrap_range_statistic,300,27
HistoricalMean,1.192258869598565,51,True,True,,,,,documented_approximation_block_bootstrap_range_statistic,300,27
Calibrated-LSTM-affine_nonnegative,1.1947331338387612,52,True,True,,,,,documented_approximation_block_bootstrap_range_statistic,300,27
Calibrated-LSTM-scale_qlike,1.1979578007462963,53,True,True,,,,,documented_approximation_block_bootstrap_range_statistic,300,27
Calibrated-ARIMA-GARCH-LSTM-scale_mean,1.2024477548212331,54,True,True,,,,,documented_approximation_block_bootstrap_range_statistic,300,27
Calibrated-LSTM-LogTarget-Small-isotonic,1.2091521864916113,55,True,True,,,,,documented_approximation_block_bootstrap_range_statistic,300,27
Calibrated-LSTM-scale_mean,1.2202344488212051,56,True,True,,,,,documented_approximation_block_bootstrap_range_statistic,300,27
Calibrated-LSTM-QLIKE-scale_qlike,1.227070855116286,57,True,True,,,,,documented_approximation_block_bootstrap_range_statistic,300,27
Hybrid-QLIKE,1.2305083298195814,58,True,True,,,,,documented_approximation_block_bootstrap_range_statistic,300,27
Calibrated-LSTM-QLIKE-affine_nonnegative,1.2311593233589233,59,True,True,,,,,documented_approximation_block_bootstrap_range_statistic,300,27
Calibrated-Hybrid-QLIKE-scale_qlike,1.2397588108190973,60,True,True,,,,,documented_approximation_block_bootstrap_range_statistic,300,27
Calibrated-Hybrid-QLIKE-affine_nonnegative,1.2444194621895985,61,True,True,,,,,documented_approximation_block_bootstrap_range_statistic,300,27
Calibrated-LSTM-QLIKE-scale_mean,1.2607023611571404,62,True,True,,,,,documented_approximation_block_bootstrap_range_statistic,300,27
Calibrated-LSTM-LogTarget-Small-scale_qlike,1.2617717236583765,63,True,True,,,,,documented_approximation_block_bootstrap_range_statistic,300,27
Calibrated-LSTM-LogTarget-Small-affine_nonnegative,1.263195570834396,64,True,True,,,,,documented_approximation_block_bootstrap_range_statistic,300,27
Calibrated-Hybrid-QLIKE-scale_mean,1.2773078561318574,65,True,True,,,,,documented_approximation_block_bootstrap_range_statistic,300,27
RollingVol-20,1.2806348843535529,66,True,True,,,,,documented_approximation_block_bootstrap_range_statistic,300,27
Calibrated-LSTM-LogTarget-Small-scale_mean,1.2849862516221993,67,True,True,,,,,documented_approximation_block_bootstrap_range_statistic,300,27
RollingVol-10,1.3099642992305265,68,True,True,,,,,documented_approximation_block_bootstrap_range_statistic,300,27
RollingVol-5,1.9280092583513804,69,False,False,5,0.0,5,0.0,documented_approximation_block_bootstrap_range_statistic,300,27
Hybrid-LogTarget,2.0863595613632993,70,False,False,4,0.016666666666666666,4,0.0033333333333333335,documented_approximation_block_bootstrap_range_statistic,300,27
Hybrid-LogTarget-Small,2.232917375355168,71,False,False,3,0.0033333333333333335,3,0.01,documented_approximation_block_bootstrap_range_statistic,300,27
LSTM-LogTarget-Small,2.2814987601126595,72,False,False,2,0.013333333333333334,2,0.02666666666666667,documented_approximation_block_bootstrap_range_statistic,300,27
LSTM-LogTarget,2.301501785580888,73,False,False,1,0.016666666666666666,1,0.013333333333333334,documented_approximation_block_bootstrap_range_statistic,300,27
