model,alpha,tail_convention,var_distribution,mean_mapping,n_obs,var_violations,expected_violations,violation_ratio,violation_rate,kupiec_uc_p_value,christoffersen_independence_p_value,christoffersen_cc_p_value,quantile_loss,var_forecast_average,es_forecast_average,realized_return_average_on_exceedance_dates,es_calibration_error_on_exceedances,es_diagnostic_label,n00,n01,n10,n11
ComboStack-PoolD_AllStable,0.01,lower_tail_return,common_normal_zero_mean,zero_mean,745,11,7.45,1.4765100671140938,0.01476510067114094,0.22220067392503876,0.5655634406943051,0.4024710524846683,0.05230208900196129,-2.9540375279626883,-3.384335986382712,-4.607997081014875,-1.0390791967788973,mean_exceedance_return_minus_mean_es_forecast; diagnostic_not_formal_backtest,722,11,11,0
Hybrid-QLIKE,0.01,lower_tail_return,common_normal_zero_mean,zero_mean,745,11,7.45,1.4765100671140938,0.01476510067114094,0.22220067392503876,0.5655634406943051,0.4024710524846683,0.053255779171695224,-3.150498926670532,-3.609414840421712,-4.634179305229045,-0.9568250334141759,mean_exceedance_return_minus_mean_es_forecast; diagnostic_not_formal_backtest,722,11,11,0
ARIMA-GARCH-LSTM,0.01,lower_tail_return,common_normal_zero_mean,zero_mean,745,12,7.45,1.610738255033557,0.016107382550335572,0.12378613464732025,0.5304861336849162,0.2513006811843384,0.05388191237326992,-3.0229840178393617,-3.4633255336093938,-4.507100379295191,-0.9745794283952346,mean_exceedance_return_minus_mean_es_forecast; diagnostic_not_formal_backtest,720,12,12,0
LSTM,0.01,lower_tail_return,common_normal_zero_mean,zero_mean,745,12,7.45,1.610738255033557,0.016107382550335572,0.12378613464732025,0.5304861336849162,0.2513006811843384,0.0544234290409078,-2.910795189739402,-3.3347947737206876,-4.507100379295191,-1.0928918870461106,mean_exceedance_return_minus_mean_es_forecast; diagnostic_not_formal_backtest,720,12,12,0
Calibrated-Hybrid-LogTarget-Small-isotonic,0.01,lower_tail_return,common_normal_zero_mean,zero_mean,745,13,7.45,1.74496644295302,0.0174496644295302,0.06452869084689679,0.4965022836348677,0.14374767479529763,0.053532378663329376,-2.90585872347185,-3.329139239464032,-4.334820934893828,-0.928155185901322,mean_exceedance_return_minus_mean_es_forecast; diagnostic_not_formal_backtest,718,13,13,0
RegimeAwareCombo-Vol20Q75,0.01,lower_tail_return,common_normal_zero_mean,zero_mean,745,13,7.45,1.74496644295302,0.0174496644295302,0.06452869084689679,0.4965022836348677,0.14374767479529763,0.05311851502146836,-2.714464477266806,-3.109865642264658,-4.329652870030479,-1.0273962492545226,mean_exceedance_return_minus_mean_es_forecast; diagnostic_not_formal_backtest,718,13,13,0
AdvGARCH-BestAsymmetric,0.01,lower_tail_return,common_normal_zero_mean,zero_mean,745,15,7.45,2.013422818791946,0.020134228187919462,0.01452954207232434,0.43204213507903166,0.03706871345447983,0.05351772471742489,-2.3282202247998867,-2.6673593061793452,-4.054563123280794,-1.088884370370785,mean_exceedance_return_minus_mean_es_forecast; diagnostic_not_formal_backtest,714,15,15,0
AdvGARCH-BestQLIKE,0.01,lower_tail_return,common_normal_zero_mean,zero_mean,745,15,7.45,2.013422818791946,0.020134228187919462,0.01452954207232434,0.43204213507903166,0.03706871345447983,0.0538814637749486,-2.327219377497844,-2.6662126709355087,-4.054563123280794,-1.110151104867201,mean_exceedance_return_minus_mean_es_forecast; diagnostic_not_formal_backtest,714,15,15,0
ARIMA-GARCH,0.01,lower_tail_return,common_normal_zero_mean,zero_mean,745,16,7.45,2.1476510067114094,0.021476510067114093,0.006310286031210278,0.4016592144647607,0.016883440708480166,0.05548314602067608,-2.4117913928125048,-2.763103828262042,-3.9159282181080712,-1.06437477429991,mean_exceedance_return_minus_mean_es_forecast; diagnostic_not_formal_backtest,712,16,16,0
"GARCH(1,1)",0.01,lower_tail_return,common_normal_zero_mean,zero_mean,745,16,7.45,2.1476510067114094,0.021476510067114093,0.006310286031210278,0.4016592144647607,0.016883440708480166,0.054979170413884525,-2.410515227085537,-2.7616417704670813,-3.9159282181080712,-1.0381709640946086,mean_exceedance_return_minus_mean_es_forecast; diagnostic_not_formal_backtest,712,16,16,0
HAR-Parkinson,0.01,lower_tail_return,common_normal_zero_mean,zero_mean,745,16,7.45,2.1476510067114094,0.021476510067114093,0.006310286031210278,0.4016592144647607,0.016883440708480166,0.05309838779355492,-2.423204115908887,-2.7761789801895627,-3.941840064139642,-0.9272972824046606,mean_exceedance_return_minus_mean_es_forecast; diagnostic_not_formal_backtest,712,16,16,0
HAR-SquaredReturn,0.01,lower_tail_return,common_normal_zero_mean,zero_mean,745,16,7.45,2.1476510067114094,0.021476510067114093,0.006310286031210278,0.4016592144647607,0.016883440708480166,0.05588933920102009,-2.42565115353876,-2.778982464381086,-3.9623345782558443,-1.0718899010990686,mean_exceedance_return_minus_mean_es_forecast; diagnostic_not_formal_backtest,712,16,16,0
HistoricalMean,0.01,lower_tail_return,common_normal_zero_mean,zero_mean,745,17,7.45,2.2818791946308723,0.022818791946308724,0.002592452421968538,0.39804339438559333,0.00748990254814017,0.059311787473031626,-2.5470831213945635,-2.918102761540985,-3.998573912708057,-1.080471151167072,mean_exceedance_return_minus_mean_es_forecast; diagnostic_not_formal_backtest,711,16,16,1
EWMA(lambda=0.90),0.01,lower_tail_return,common_normal_zero_mean,zero_mean,745,18,7.45,2.4161073825503356,0.024161073825503355,0.001009908666537184,0.34475925951967723,0.0028770714642782423,0.0574665961456984,-2.339486525537876,-2.680266707205927,-3.5715627285045852,-1.0612298235575408,mean_exceedance_return_minus_mean_es_forecast; diagnostic_not_formal_backtest,708,18,18,0
RollingVol-20,0.01,lower_tail_return,common_normal_zero_mean,zero_mean,745,20,7.45,2.684563758389262,0.026845637583892617,0.0001318258509465679,0.2931467566868951,0.0003857557202051674,0.06220375329496923,-2.3005334029682305,-2.6356394967366863,-3.350942850645699,-1.15400490312704,mean_exceedance_return_minus_mean_es_forecast; diagnostic_not_formal_backtest,704,20,20,0
RollingVol-10,0.01,lower_tail_return,common_normal_zero_mean,zero_mean,745,27,7.45,3.6241610738255035,0.036241610738255034,2.6415179001714407e-08,0.15382000552204395,6.865195245653906e-08,0.05910994864304182,-2.20777022801082,-2.529364018430222,-2.8337947790744815,-0.735123890365864,mean_exceedance_return_minus_mean_es_forecast; diagnostic_not_formal_backtest,690,27,27,0
RollingVol-5,0.01,lower_tail_return,common_normal_zero_mean,zero_mean,745,45,7.45,6.040268456375839,0.06040268456375839,4.5821392356849956e-21,0.4369800687513429,4.042666891203099e-20,0.06769470567752982,-2.079688175113531,-2.3826249547836533,-2.0924005275014603,-0.5710773501064185,mean_exceedance_return_minus_mean_es_forecast; diagnostic_not_formal_backtest,658,41,41,4
HAR-Parkinson,0.025,lower_tail_return,common_normal_zero_mean,zero_mean,745,17,18.625,0.912751677852349,0.022818791946308724,0.6987989169042421,0.37255624146565014,0.6234900432947121,0.09015837342090002,-2.0415660303293324,-2.435135953422892,-3.835341318205141,-1.2114108902971954,mean_exceedance_return_minus_mean_es_forecast; diagnostic_not_formal_backtest,710,17,17,0
RegimeAwareCombo-Vol20Q75,0.025,lower_tail_return,common_normal_zero_mean,zero_mean,745,17,18.625,0.912751677852349,0.022818791946308724,0.6987989169042421,0.37255624146565014,0.6234900432947121,0.0928616959993162,-2.2869548755470794,-2.72783047844997,-3.9063369291081758,-1.0183592210780903,mean_exceedance_return_minus_mean_es_forecast; diagnostic_not_formal_backtest,710,17,17,0
Calibrated-Hybrid-LogTarget-Small-isotonic,0.025,lower_tail_return,common_normal_zero_mean,zero_mean,745,16,18.625,0.8590604026845637,0.021476510067114093,0.5280402304134232,0.4016592144647607,0.5765129649216599,0.09592329484287923,-2.4482058361605015,-2.920167148378976,-3.9869476267865833,-1.05967822137904,mean_exceedance_return_minus_mean_es_forecast; diagnostic_not_formal_backtest,712,16,16,0
ComboStack-PoolD_AllStable,0.025,lower_tail_return,common_normal_zero_mean,zero_mean,745,16,18.625,0.8590604026845637,0.021476510067114093,0.5280402304134232,0.4016592144647607,0.5765129649216599,0.0945658197698198,-2.4887968082476717,-2.9685831849143742,-3.990993371682003,-0.9271465327396615,mean_exceedance_return_minus_mean_es_forecast; diagnostic_not_formal_backtest,712,16,16,0
ARIMA-GARCH,0.025,lower_tail_return,common_normal_zero_mean,zero_mean,745,22,18.625,1.1812080536912752,0.02953020134228188,0.44112117105692916,0.6777539371686541,0.6818028988748468,0.09256193165795315,-2.0319507331143103,-2.4236670341700717,-3.3453475564886292,-0.9693051383766087,mean_exceedance_return_minus_mean_es_forecast; diagnostic_not_formal_backtest,701,21,21,1
"GARCH(1,1)",0.025,lower_tail_return,common_normal_zero_mean,zero_mean,745,22,18.625,1.1812080536912752,0.02953020134228188,0.44112117105692916,0.6777539371686541,0.6818028988748468,0.09213400238219616,-2.030875554766707,-2.422384584613362,-3.3453475564886292,-0.9531060081603939,mean_exceedance_return_minus_mean_es_forecast; diagnostic_not_formal_backtest,701,21,21,1
HistoricalMean,0.025,lower_tail_return,common_normal_zero_mean,zero_mean,745,22,18.625,1.1812080536912752,0.02953020134228188,0.44112117105692916,0.6777539371686541,0.6818028988748468,0.09826089023160162,-2.1459349391679003,-2.559624938132005,-3.5957486927504863,-1.0361237546184814,mean_exceedance_return_minus_mean_es_forecast; diagnostic_not_formal_backtest,701,21,21,1
LSTM,0.025,lower_tail_return,common_normal_zero_mean,zero_mean,745,15,18.625,0.8053691275167785,0.020134228187919462,0.37885199141283377,0.3021475420090354,0.39869532209659153,0.09618115759830385,-2.452364842731815,-2.9251279217665966,-4.18966775101523,-1.1515997088319563,mean_exceedance_return_minus_mean_es_forecast; diagnostic_not_formal_backtest,715,14,14,1
Hybrid-QLIKE,0.025,lower_tail_return,common_normal_zero_mean,zero_mean,745,14,18.625,0.7516778523489933,0.01879194630872483,0.2566277921905625,0.25865684222506247,0.27764975447157647,0.09742726383203336,-2.6543168794788494,-3.1660119579642174,-4.3020321784982,-1.0285187702666376,mean_exceedance_return_minus_mean_es_forecast; diagnostic_not_formal_backtest,717,13,13,1
AdvGARCH-BestAsymmetric,0.025,lower_tail_return,common_normal_zero_mean,zero_mean,745,24,18.625,1.2885906040268456,0.032214765100671144,0.22689395095445766,0.7991673693521846,0.46650820480910205,0.09042437515428206,-1.9615414528521264,-2.339684362400492,-3.26987358465812,-0.8353661372571483,mean_exceedance_return_minus_mean_es_forecast; diagnostic_not_formal_backtest,697,23,23,1
AdvGARCH-BestQLIKE,0.025,lower_tail_return,common_normal_zero_mean,zero_mean,745,24,18.625,1.2885906040268456,0.032214765100671144,0.22689395095445766,0.7991673693521846,0.46650820480910205,0.09061848831358636,-1.9606982321593323,-2.3386785869344098,-3.26987358465812,-0.843333861932682,mean_exceedance_return_minus_mean_es_forecast; diagnostic_not_formal_backtest,697,23,23,1
HAR-SquaredReturn,0.025,lower_tail_return,common_normal_zero_mean,zero_mean,745,24,18.625,1.2885906040268456,0.032214765100671144,0.22689395095445766,0.7991673693521846,0.46650820480910205,0.09349162412019515,-2.0436276762580787,-2.4375950402463094,-3.350585932175535,-0.8573912123096727,mean_exceedance_return_minus_mean_es_forecast; diagnostic_not_formal_backtest,697,23,23,1
ARIMA-GARCH-LSTM,0.025,lower_tail_return,common_normal_zero_mean,zero_mean,745,13,18.625,0.697986577181208,0.0174496644295302,0.16312590686908135,0.4965022836348677,0.3000800939439003,0.09623440816022684,-2.5468846972201886,-3.0378691667508737,-4.361674639830458,-1.2619842193867625,mean_exceedance_return_minus_mean_es_forecast; diagnostic_not_formal_backtest,718,13,13,0
EWMA(lambda=0.90),0.025,lower_tail_return,common_normal_zero_mean,zero_mean,745,27,18.625,1.4496644295302012,0.036241610738255034,0.06524112538141143,0.9831913359543621,0.1827462697958539,0.09440856065256646,-1.9710333882294009,-2.3510061383124077,-2.926424821652915,-0.8620340542259058,mean_exceedance_return_minus_mean_es_forecast; diagnostic_not_formal_backtest,691,26,26,1
RollingVol-20,0.025,lower_tail_return,common_normal_zero_mean,zero_mean,745,28,18.625,1.5033557046979866,0.03758389261744966,0.04035946424807943,0.9562508530187996,0.12210681396460975,0.09750972506433918,-1.938215116218661,-2.31186121088154,-2.929322529809906,-0.9349984789619443,mean_exceedance_return_minus_mean_es_forecast; diagnostic_not_formal_backtest,689,27,27,1
RollingVol-10,0.025,lower_tail_return,common_normal_zero_mean,zero_mean,745,36,18.625,1.9328859060402686,0.04832214765100671,0.00029247408701320505,0.055646860512013945,0.0002270610375086509,0.09692098118057585,-1.8600615072778335,-2.218641270799141,-2.541980904605745,-0.7100968747899865,mean_exceedance_return_minus_mean_es_forecast; diagnostic_not_formal_backtest,672,36,36,0
RollingVol-5,0.025,lower_tail_return,common_normal_zero_mean,zero_mean,745,57,18.625,3.0604026845637584,0.07651006711409396,3.6400685148029164e-13,0.8473622116400858,3.314527246051259e-12,0.10702456336515417,-1.752151502267021,-2.089928542906875,-2.0353764087252117,-0.5651744449559475,mean_exceedance_return_minus_mean_es_forecast; diagnostic_not_formal_backtest,634,53,53,4
EWMA(lambda=0.90),0.05,lower_tail_return,common_normal_zero_mean,zero_mean,745,38,37.25,1.0201342281879195,0.05100671140939597,0.899985476138744,0.9644782944175919,0.9911500366858231,0.14154635857331435,-1.6541433633702185,-2.074362511757907,-2.5532680618320684,-0.709504214355946,mean_exceedance_return_minus_mean_es_forecast; diagnostic_not_formal_backtest,670,36,36,2
ARIMA-GARCH,0.05,lower_tail_return,common_normal_zero_mean,zero_mean,745,35,37.25,0.9395973154362416,0.04697986577181208,0.7025103516368938,0.5708741893418507,0.7917197697313111,0.14051747163397443,-1.7052668107746416,-2.1384733773067643,-2.779670869348006,-0.6727040307432304,mean_exceedance_return_minus_mean_es_forecast; diagnostic_not_formal_backtest,675,34,34,1
"GARCH(1,1)",0.05,lower_tail_return,common_normal_zero_mean,zero_mean,745,35,37.25,0.9395973154362416,0.04697986577181208,0.7025103516368938,0.5708741893418507,0.7917197697313111,0.1403955550580467,-1.704364492661337,-2.137341833989923,-2.747517358339723,-0.6788222683419171,mean_exceedance_return_minus_mean_es_forecast; diagnostic_not_formal_backtest,675,34,34,1
AdvGARCH-BestAsymmetric,0.05,lower_tail_return,common_normal_zero_mean,zero_mean,745,34,37.25,0.912751677852349,0.04563758389261745,0.5794746706215251,0.6203220256527404,0.7586232855501056,0.13845030134291575,-1.646177480091112,-2.0643729727535307,-2.830039832999514,-0.72484410577067,mean_exceedance_return_minus_mean_es_forecast; diagnostic_not_formal_backtest,677,33,33,1
AdvGARCH-BestQLIKE,0.05,lower_tail_return,common_normal_zero_mean,zero_mean,745,34,37.25,0.912751677852349,0.04563758389261745,0.5794746706215251,0.6203220256527404,0.7586232855501056,0.1384401979283812,-1.6454698269781964,-2.0634855472006626,-2.830039832999514,-0.7255387347476016,mean_exceedance_return_minus_mean_es_forecast; diagnostic_not_formal_backtest,677,33,33,1
RollingVol-20,0.05,lower_tail_return,common_normal_zero_mean,zero_mean,745,41,37.25,1.1006711409395973,0.05503355704697987,0.5347514465104436,0.2632264632275044,0.4410789642801801,0.1438537591801763,-1.6266014012867607,-2.039823780163458,-2.4049488927456415,-0.7317654143934303,mean_exceedance_return_minus_mean_es_forecast; diagnostic_not_formal_backtest,666,37,37,4
HAR-Parkinson,0.05,lower_tail_return,common_normal_zero_mean,zero_mean,745,33,37.25,0.8859060402684564,0.04429530201342282,0.46663175603992935,0.23859232628489946,0.3831164363897572,0.13897797730448014,-1.713336222571541,-2.148592745249166,-2.9272120322803032,-0.663782339158118,mean_exceedance_return_minus_mean_es_forecast; diagnostic_not_formal_backtest,681,30,30,3
HAR-SquaredReturn,0.05,lower_tail_return,common_normal_zero_mean,zero_mean,745,31,37.25,0.8322147651006712,0.04161073825503356,0.2798502716136477,0.5446595619922735,0.46422110970152186,0.14228202220806893,-1.7150664103760813,-2.1507624705580572,-2.990408297895775,-0.835496953871118,mean_exceedance_return_minus_mean_es_forecast; diagnostic_not_formal_backtest,684,29,29,2
HistoricalMean,0.05,lower_tail_return,common_normal_zero_mean,zero_mean,745,30,37.25,0.8053691275167785,0.040268456375838924,0.2077923792030123,0.14720222492519955,0.1582034115351846,0.14803880096328154,-1.8009253719631677,-2.2584330722475268,-3.1517117655821143,-0.8932786933345879,mean_exceedance_return_minus_mean_es_forecast; diagnostic_not_formal_backtest,687,27,27,3
RollingVol-10,0.05,lower_tail_return,common_normal_zero_mean,zero_mean,745,48,37.25,1.2885906040268456,0.06442953020134229,0.08301694680621093,0.14421228123292365,0.07664079022858207,0.14439079856331433,-1.5610128250987987,-1.9575730595447312,-2.2058668072232863,-0.6608098288270735,mean_exceedance_return_minus_mean_es_forecast; diagnostic_not_formal_backtest,649,47,47,1
RegimeAwareCombo-Vol20Q75,0.05,lower_tail_return,common_normal_zero_mean,zero_mean,745,23,37.25,0.6174496644295302,0.03087248322147651,0.010164993515991507,0.738111343706733,0.034777933743370376,0.14373170124058476,-1.9192730332750119,-2.40684581410282,-3.434688991255551,-0.9216196951775928,mean_exceedance_return_minus_mean_es_forecast; diagnostic_not_formal_backtest,699,22,22,1
Calibrated-Hybrid-LogTarget-Small-isotonic,0.05,lower_tail_return,common_normal_zero_mean,zero_mean,745,22,37.25,0.5906040268456376,0.02953020134228188,0.005660133729078627,0.6777539371686541,0.019959434009675064,0.1486848242156337,-2.0545991053388506,-2.5765501680112597,-3.477817462168258,-0.9152172795860057,mean_exceedance_return_minus_mean_es_forecast; diagnostic_not_formal_backtest,701,21,21,1
LSTM,0.05,lower_tail_return,common_normal_zero_mean,zero_mean,745,22,37.25,0.5906040268456376,0.02953020134228188,0.005660133729078627,0.6777539371686541,0.019959434009675064,0.14939742191630698,-2.0580894536806067,-2.5809272056450254,-3.5957486927504863,-0.9081083036056369,mean_exceedance_return_minus_mean_es_forecast; diagnostic_not_formal_backtest,701,21,21,1
ARIMA-GARCH-LSTM,0.05,lower_tail_return,common_normal_zero_mean,zero_mean,745,20,37.25,0.5369127516778524,0.026845637583892617,0.0015315451242852588,0.10969039672866063,0.00183726988980862,0.15091329910856305,-2.1374130161034186,-2.6804021531209905,-3.724121677736092,-0.9431928259418848,mean_exceedance_return_minus_mean_es_forecast; diagnostic_not_formal_backtest,706,18,18,2
Hybrid-QLIKE,0.05,lower_tail_return,common_normal_zero_mean,zero_mean,745,20,37.25,0.5369127516778524,0.026845637583892617,0.0015315451242852588,0.5604822180655944,0.005574395265259335,0.15385746660558747,-2.2275729455885203,-2.7934663420710826,-3.7371960131565922,-0.8668202698889121,mean_exceedance_return_minus_mean_es_forecast; diagnostic_not_formal_backtest,705,19,19,1
ComboStack-PoolD_AllStable,0.05,lower_tail_return,common_normal_zero_mean,zero_mean,745,19,37.25,0.5100671140939598,0.025503355704697986,0.0007405919813186522,0.31828613835751307,0.0020493314851266235,0.14831822922412277,-2.088664122954333,-2.6192690744063847,-3.745941918758748,-1.0293341845814459,mean_exceedance_return_minus_mean_es_forecast; diagnostic_not_formal_backtest,706,19,19,0
RollingVol-5,0.05,lower_tail_return,common_normal_zero_mean,zero_mean,745,73,37.25,1.9597315436241611,0.09798657718120805,9.051623004224692e-08,0.34843361469558853,4.03524785333822e-07,0.1550534568249431,-1.4704518941192226,-1.844005998542726,-1.8008967854480877,-0.5398850449787757,mean_exceedance_return_minus_mean_es_forecast; diagnostic_not_formal_backtest,603,68,68,5
