model,split,model_group,n_obs,rmse,mae,qlike,mean_actual_var,mean_pred_var,pred_actual_ratio,extreme_regime_qlike,spike90_underprediction_rate,spike90_severe_underprediction_rate,spike90_average_pred_actual_ratio,var1_violation_rate,var1_kupiec_p_value
ComboPair-BestGARCHFamily_HybridQLIKE,test,benchmark_garch_family,726,3.607899619656155,1.431154554277245,1.0262653123459162,1.2119119537615395,1.3307078248768147,1.0980235162682865,5.474241698581968,1.0,0.8837209302325582,0.2672937020768579,0.0165289256198347,0.106059777579162
AdvGARCH-BestQLIKE,test,benchmark_garch_family,745,3.561391099658911,1.3246053463757665,1.0325481138224148,1.2104611788275565,1.132748509541949,0.9357991229748652,6.755768690547408,1.0,0.8888888888888888,0.2508334034267839,0.0201342281879194,0.0145295420723243
ComboPair-BestRefitGARCH_HybridQLIKE,test,benchmark_garch_family,726,3.5950157491781276,1.4915852176072453,1.0471818808486189,1.2119119537615395,1.443194001385364,1.1908406356633168,5.355304732822651,1.0,0.8372093023255814,0.3029112801644269,0.0165289256198347,0.106059777579162
ComboPair-GARCH11_HybridQLIKE,test,benchmark_garch_family,726,3.6417240933061965,1.5194321466314928,1.0584746060370984,1.2119119537615395,1.4640204196053435,1.208025397440225,5.240774514775868,1.0,0.8604651162790697,0.2844039397802054,0.0151515151515151,0.1948135521261446
"GARCH(1,1)",test,benchmark_garch_family,745,3.628229675211951,1.407866300612457,1.0629583683305006,1.2104611788275565,1.2544741754263462,1.036360518923391,6.75752868881366,1.0,0.8666666666666667,0.2732698235057033,0.021476510067114,0.0063102860312102
ComboMean-PoolC_GARCH_CalibratedNeural,test,benchmark_garch_family,726,3.6089968422946415,1.5352409249153607,1.0638308194428638,1.2119119537615395,1.5250083154128677,1.2583490992720534,5.035581835458978,1.0,0.8372093023255814,0.3097668366461908,0.0137741046831955,0.3336797522874875
ARIMA-GARCH,test,benchmark_garch_family,745,3.651122454222711,1.4145456732793307,1.065995300239258,1.2104611788275565,1.2496661875208015,1.0323884890973691,6.761725699799334,1.0,0.8666666666666667,0.2680211409284803,0.021476510067114,0.0063102860312102
ComboMedian-PoolC_GARCH_CalibratedNeural,test,benchmark_garch_family,726,3.637627399504247,1.5370953974577082,1.071273201685872,1.2119119537615395,1.5234629627905805,1.257073963221542,5.081736727124948,1.0,0.8372093023255814,0.3075683196278738,0.0151515151515151,0.1948135521261446
Calibrated-LSTM-LogTarget-isotonic,test,neural_or_hybrid,726,3.641386006216655,1.6662525797436962,1.0896823978540977,1.2119119537615395,1.67667725055532,1.3834975761656936,4.560720073985729,0.9767441860465116,0.8372093023255814,0.32230441009612,0.0151515151515151,0.1948135521261446
ComboPair-BestRefitGARCH_BestCalibratedNeural,test,benchmark_garch_family,726,3.645308082857054,1.5863335032459276,1.1022035627342017,1.2119119537615395,1.5714259046361987,1.2966502226162533,5.1209813300228895,1.0,0.8837209302325582,0.29775020236777,0.0179063360881542,0.0539976753820801
Calibrated-Hybrid-QLIKE-isotonic,test,neural_or_hybrid,726,3.6632156900737862,1.6261022338779507,1.1034729304844182,1.2119119537615395,1.6549839516723273,1.3655975143537271,4.738181470109923,1.0,0.813953488372093,0.3279622087554634,0.0151515151515151,0.1948135521261446
ComboPair-BestGARCHFamily_BestCalibratedNeural,test,benchmark_garch_family,726,3.6567262678848875,1.5966973719248838,1.1090484278458674,1.2119119537615395,1.5779159808015066,1.3020054599708846,5.127762416076573,1.0,0.8837209302325582,0.2943846942614483,0.0179063360881542,0.0539976753820801
ComboStack-PoolC_GARCH_CalibratedNeural,test,benchmark_garch_family,726,3.657767797739559,1.6156101060052117,1.109833007195755,1.2119119537615395,1.6230773162160985,1.3392699949681837,4.898243714835747,1.0,0.8604651162790697,0.3074283579117223,0.0137741046831955,0.3336797522874875
Calibrated-LSTM-LogTarget-scale_mean,test,neural_or_hybrid,726,3.660321132935597,1.6596475174595569,1.1171438718896567,1.2119119537615395,1.6646008200717557,1.373532800716387,4.642763877996827,0.9767441860465116,0.8604651162790697,0.3037229689554589,0.0137741046831955,0.3336797522874875
Calibrated-Hybrid-LogTarget-Small-isotonic,test,neural_or_hybrid,726,3.6669142210757344,1.619575075428047,1.1186706368669244,1.2119119537615395,1.6066065595897965,1.3256792744746857,5.086723126957555,1.0,0.8837209302325582,0.2968284292444695,0.0165289256198347,0.106059777579162
Calibrated-LSTM-LogTarget-affine_nonnegative,test,neural_or_hybrid,726,3.664198199483546,1.6803122574250178,1.1245976523852417,1.2119119537615395,1.6937870216114805,1.39761557459211,4.593081298777295,0.9767441860465116,0.8372093023255814,0.3079334292585708,0.0137741046831955,0.3336797522874875
Calibrated-LSTM-LogTarget-scale_qlike,test,neural_or_hybrid,726,3.6626465047711685,1.684010892325915,1.12475012929135,1.2119119537615395,1.7009381519555904,1.4035162758121236,4.579963724940639,0.9767441860465116,0.8372093023255814,0.3103530764206244,0.0137741046831955,0.3336797522874875
Calibrated-LSTM-isotonic,test,neural_or_hybrid,726,3.7287897834499826,1.5926507749218028,1.1251244637744555,1.2119119537615395,1.5151794327790318,1.2502388709643542,5.195351574937577,1.0,0.9069767441860463,0.2570101879286073,0.0151515151515151,0.1948135521261446
Calibrated-ARIMA-GARCH-LSTM-isotonic,test,benchmark_garch_family,726,3.685043631864458,1.580443552765957,1.1261709683453613,1.2119119537615395,1.5159332664942011,1.2508608911637833,5.176771172202376,1.0,0.9302325581395348,0.2650310839132818,0.0151515151515151,0.1948135521261446
Calibrated-Hybrid-LogTarget-Small-scale_qlike,test,neural_or_hybrid,726,3.703773615441907,1.65061416073263,1.1291280882068437,1.2119119537615395,1.6342435494211491,1.3484837280041462,4.897987115456018,1.0,0.8837209302325582,0.2945783786147468,0.0137741046831955,0.3336797522874875
Calibrated-Hybrid-LogTarget-Small-affine_nonnegative,test,neural_or_hybrid,726,3.704611742562957,1.658256258400555,1.1312821946269518,1.2119119537615395,1.645580763071313,1.3578385442636733,4.875523928380934,1.0,0.8837209302325582,0.2966219528520489,0.0137741046831955,0.3336797522874875
Calibrated-Hybrid-LogTarget-Small-scale_mean,test,neural_or_hybrid,726,3.7065158094110164,1.6744955986098344,1.135897993637907,1.2119119537615395,1.669571933544882,1.3776346774721173,4.829148313623096,1.0,0.8837209302325582,0.3009464491008958,0.0137741046831955,0.3336797522874875
Calibrated-LSTM-QLIKE-isotonic,test,neural_or_hybrid,726,3.7021904752398616,1.6648306780517066,1.1373000209295079,1.2119119537615395,1.6449929617952341,1.3573535244779913,4.780353456575679,1.0,0.8837209302325582,0.2813959927252478,0.0137741046831955,0.3336797522874875
LSTM,test,neural_or_hybrid,726,3.7697162146360066,1.6397344591598928,1.1610005135850472,1.2119119537615395,1.5685885013299212,1.2943089606974558,5.099183643837867,1.0,0.9302325581395348,0.2543229954230906,0.0151515151515151,0.1948135521261446
Calibrated-Hybrid-LogTarget-affine_nonnegative,test,neural_or_hybrid,726,3.7193318709597984,1.793117657581467,1.1673609945434102,1.2119119537615395,1.8483298215856903,1.5251353993570518,4.374251813493959,0.9767441860465116,0.8837209302325582,0.3299723131514007,0.0137741046831955,0.3336797522874875
Calibrated-Hybrid-LogTarget-isotonic,test,neural_or_hybrid,726,3.7728558856506798,1.8675111919105976,1.1678764577348923,1.2119119537615395,1.9444933912687168,1.6044840429483236,4.49215641133969,0.9534883720930232,0.7441860465116279,0.3555890052513635,0.0110192837465564,0.7859536730547492
ARIMA-GARCH-LSTM,test,benchmark_garch_family,726,3.7632527171713455,1.7201126142672403,1.1686091687616968,1.2119119537615395,1.701790788777932,1.4042198226495775,4.79289611043111,1.0,0.9069767441860463,0.2854865220075049,0.0151515151515151,0.1948135521261446
Calibrated-Hybrid-LogTarget-scale_qlike,test,neural_or_hybrid,726,3.7215140679391845,1.8055780497805995,1.1712243305232213,1.2119119537615395,1.8656304304399982,1.539410866151987,4.350285528345962,0.9767441860465116,0.8837209302325582,0.3330608971562219,0.0137741046831955,0.3336797522874875
Calibrated-ARIMA-GARCH-LSTM-affine_nonnegative,test,benchmark_garch_family,726,3.7668002822480866,1.7436829254499575,1.1753828013821073,1.2119119537615395,1.7352807348634005,1.431853798848527,4.732300637357048,1.0,0.9069767441860463,0.2911046792411712,0.0137741046831955,0.3336797522874875
Calibrated-ARIMA-GARCH-LSTM-scale_qlike,test,benchmark_garch_family,726,3.767485349848276,1.7480112084279322,1.176638898734111,1.2119119537615395,1.7414305884843961,1.436928304139037,4.72146715751402,1.0,0.9069767441860463,0.2921363573608853,0.0137741046831955,0.3336797522874875
Calibrated-Hybrid-LogTarget-scale_mean,test,neural_or_hybrid,726,3.7296497954581698,1.8486030485439426,1.1845566594387769,1.2119119537615395,1.9248837529938303,1.5883032979577145,4.272094155307695,0.9767441860465116,0.8837209302325582,0.3436390719368573,0.012396694214876,0.5315532780578027
LSTM-QLIKE,test,neural_or_hybrid,726,3.7824845578550947,1.7140734751998588,1.1858763490651132,1.2119119537615395,1.6669797831658817,1.3754957841548636,4.909112308355295,1.0,0.9302325581395348,0.2616559277595553,0.0151515151515151,0.1948135521261446
Calibrated-LSTM-affine_nonnegative,test,neural_or_hybrid,726,3.7858303204074826,1.760308981614549,1.1947331338387612,1.2119119537615395,1.7441345292343013,1.4391594404369445,4.747411098680311,1.0,0.9302325581395348,0.2827851393272535,0.0151515151515151,0.1948135521261446
Calibrated-LSTM-scale_qlike,test,neural_or_hybrid,726,3.787689422450558,1.7715857549296956,1.1979578007462963,1.2119119537615395,1.7599852456980305,1.4522385394709392,4.719612458492027,1.0,0.9302325581395348,0.2853550942180614,0.0151515151515151,0.1948135521261446
Calibrated-ARIMA-GARCH-LSTM-scale_mean,test,benchmark_garch_family,726,3.783389202219532,1.8358945832750009,1.2024477548212331,1.2119119537615395,1.864585280478934,1.5385484685513855,4.521963771094051,1.0,0.8837209302325582,0.3127963614684843,0.0110192837465564,0.7859536730547492
Calibrated-LSTM-LogTarget-Small-isotonic,test,neural_or_hybrid,726,3.8975649115039235,2.0450107893472413,1.2091521864916113,1.2119119537615395,2.1194449444349064,1.7488439963452467,4.278562504683267,0.9767441860465116,0.813953488372093,0.3901111154077279,0.012396694214876,0.5315532780578027
Calibrated-LSTM-scale_mean,test,neural_or_hybrid,726,3.801956749851284,1.8483780275706518,1.2202344488212051,1.2119119537615395,1.8668636994655252,1.5404284887785311,4.546456634473967,1.0,0.9069767441860463,0.3026838254214914,0.0137741046831955,0.3336797522874875
Calibrated-LSTM-QLIKE-scale_qlike,test,neural_or_hybrid,726,3.807426607673847,1.8589650042904746,1.227070855116286,1.2119119537615395,1.8703820796604038,1.5433316536363066,4.554665069870131,1.0,0.9069767441860463,0.2935827796237223,0.0137741046831955,0.3336797522874875
Hybrid-QLIKE,test,neural_or_hybrid,726,3.807295921789446,1.862578359682915,1.2305083298195814,1.2119119537615395,1.8776064628411915,1.549292798881524,4.570474550398699,1.0,0.9069767441860463,0.2975594729203228,0.0137741046831955,0.3336797522874875
Calibrated-LSTM-QLIKE-affine_nonnegative,test,neural_or_hybrid,726,3.8103628869747026,1.873142701501157,1.2311593233589233,1.2119119537615395,1.8897348849257045,1.5593004748078723,4.525547303248287,1.0,0.9069767441860463,0.296620474662126,0.0137741046831955,0.3336797522874875
Calibrated-Hybrid-QLIKE-scale_qlike,test,neural_or_hybrid,726,3.814125439133243,1.8951567343513498,1.2397588108190973,1.2119119537615395,1.9213415356864465,1.5853804640865001,4.505599130138475,1.0,0.9069767441860463,0.3044905234261213,0.012396694214876,0.5315532780578027
Calibrated-Hybrid-QLIKE-affine_nonnegative,test,neural_or_hybrid,726,3.8177244583703236,1.911601485328981,1.2444194621895985,1.2119119537615395,1.9432029876462595,1.603419276140428,4.474457925845397,1.0,0.9069767441860463,0.3079550844250174,0.0110192837465564,0.7859536730547492
Calibrated-LSTM-QLIKE-scale_mean,test,neural_or_hybrid,726,3.8339894039313203,1.9752286614614907,1.2607023611571404,1.2119119537615395,2.0271615833152734,1.6726970775586107,4.33752546326304,1.0,0.8604651162790697,0.318191528270085,0.0110192837465564,0.7859536730547492
Calibrated-LSTM-LogTarget-Small-scale_qlike,test,neural_or_hybrid,726,3.8581302462083475,2.0021477889509476,1.2617717236583765,1.2119119537615395,2.065361266946686,1.7042172581400863,4.345042661007277,1.0,0.8604651162790697,0.3283195664904086,0.0137741046831955,0.3336797522874875
Calibrated-LSTM-LogTarget-Small-affine_nonnegative,test,neural_or_hybrid,726,3.859583364654549,2.007251373117045,1.263195570834396,1.2119119537615395,2.0720461431534374,1.7097332332783817,4.33689257615491,1.0,0.8604651162790697,0.3293822259356916,0.0137741046831955,0.3336797522874875
Calibrated-Hybrid-QLIKE-scale_mean,test,neural_or_hybrid,726,3.8461248627778617,2.0273910495666403,1.2773078561318574,1.2119119537615395,2.0951878110487305,1.728828405847202,4.279097589512176,1.0,0.813953488372093,0.3320413478878593,0.0110192837465564,0.7859536730547492
Calibrated-LSTM-LogTarget-Small-scale_mean,test,neural_or_hybrid,726,3.8831155746494064,2.0857517076369616,1.2849862516221993,1.2119119537615395,2.173763567285158,1.7936645979422992,4.220270523052499,1.0,0.8372093023255814,0.3455517073382446,0.012396694214876,0.5315532780578027
Hybrid-LogTarget,test,neural_or_hybrid,726,3.867812570832169,1.1092997951469603,2.0863595613632993,1.2119119537615395,0.3394889296120576,0.2801267274890308,18.631208583301092,1.0,1.0,0.0606071200524588,0.0647382920110192,3.543211091217051e-23
Hybrid-LogTarget-Small,test,neural_or_hybrid,726,3.8680675726207743,1.1081647402489878,2.232917375355168,1.2119119537615395,0.33366970656845735,0.275325039523549,19.92922005500072,1.0,1.0,0.0601451853296955,0.0661157024793388,5.016479870753921e-24
LSTM-LogTarget-Small,test,neural_or_hybrid,726,3.888175741538346,1.1235456755796545,2.2814987601126595,1.2119119537615395,0.3427646517753371,0.28282966490384237,20.278419969423837,1.0,1.0,0.0544874854003057,0.071625344352617,1.6267781418588974e-27
LSTM-LogTarget,test,neural_or_hybrid,726,3.866882195152324,1.1086255618796224,2.301501785580888,1.2119119537615395,0.3095198615556065,0.25539797721684065,20.2557289867598,1.0,1.0,0.0564749759634859,0.0771349862258953,3.810527114793049e-31
ComboStack-PoolC_GARCH_CalibratedNeural,validation,benchmark_garch_family,731,4.563170766970379,2.314301730776777,1.5009090751301228,2.1576002606846854,2.157600260684686,1.0000000000000002,,,,,,
ComboPair-BestRefitGARCH_BestCalibratedNeural,validation,benchmark_garch_family,731,4.581357956318984,2.316104717561244,1.5089873949493346,2.1576002606846854,2.1290025379511577,0.9867455880245155,,,,,,
ComboPair-BestGARCHFamily_BestCalibratedNeural,validation,benchmark_garch_family,731,4.580561745369891,2.3149158195872497,1.5101981342962774,2.1576002606846854,2.1289744432819724,0.9867325667667333,,,,,,
Calibrated-Hybrid-LogTarget-Small-isotonic,validation,neural_or_hybrid,731,4.578317311297285,2.3247709954609177,1.5104008273261846,2.1576002606846854,2.1576002606846854,1.0,,,,,,
ComboMean-PoolC_GARCH_CalibratedNeural,validation,benchmark_garch_family,731,4.587732554423559,2.3013668561824594,1.5150697966393571,2.1576002606846854,2.078162141980441,0.963182188956987,,,,,,
Calibrated-Hybrid-LogTarget-isotonic,validation,neural_or_hybrid,731,4.579883056824019,2.3560888485707228,1.5242182605014956,2.1576002606846854,2.157600260684685,0.9999999999999998,,,,,,
ComboMedian-PoolC_GARCH_CalibratedNeural,validation,benchmark_garch_family,731,4.58052303375189,2.29509670906538,1.529371819053354,2.1576002606846854,2.0854240661859675,0.9665479302102913,,,,,,
Calibrated-Hybrid-QLIKE-isotonic,validation,neural_or_hybrid,731,4.584812720119155,2.333603327905086,1.5460446367880312,2.1576002606846854,2.157600260684686,1.0000000000000002,,,,,,
Calibrated-LSTM-LogTarget-isotonic,validation,neural_or_hybrid,731,4.573411980196752,2.3408453887703535,1.547466359721714,2.1576002606846854,2.157600260684685,0.9999999999999998,,,,,,
Calibrated-ARIMA-GARCH-LSTM-isotonic,validation,benchmark_garch_family,731,4.588258499200386,2.333051287530106,1.5505063755186843,2.1576002606846854,2.157600260684686,1.0000000000000002,,,,,,
Calibrated-Hybrid-LogTarget-Small-affine_nonnegative,validation,neural_or_hybrid,731,4.669303574933172,2.38356961627511,1.5553800161280065,2.1576002606846854,2.126596292165643,0.985630346323186,,,,,,
Calibrated-Hybrid-LogTarget-Small-scale_qlike,validation,neural_or_hybrid,731,4.669338116446905,2.376945227251055,1.5554037692561327,2.1576002606846854,2.1119451264173694,0.9788398550467231,,,,,,
Calibrated-Hybrid-LogTarget-Small-scale_mean,validation,neural_or_hybrid,731,4.66947731869501,2.39762199738288,1.5554846718901705,2.1576002606846854,2.157600260684686,1.0000000000000002,,,,,,
ComboPair-BestRefitGARCH_HybridQLIKE,validation,benchmark_garch_family,731,4.711024139994932,2.3260599458661564,1.577374839634468,2.1576002606846854,1.922563770585531,0.8910657852698958,,,,,,
ComboPair-BestGARCHFamily_HybridQLIKE,validation,benchmark_garch_family,731,4.731310826367151,2.2644873553041327,1.5801039114651367,2.1576002606846854,1.748822535802686,0.8105405656781488,,,,,,
Calibrated-LSTM-isotonic,validation,neural_or_hybrid,731,4.68324253767358,2.4458690856979497,1.5833585145963183,2.1576002606846854,2.157600260684686,1.0000000000000002,,,,,,
Calibrated-Hybrid-LogTarget-affine_nonnegative,validation,neural_or_hybrid,731,4.719327958929896,2.400037154184027,1.5839184703424716,2.1576002606846854,2.071791036046708,0.9602293222699431,,,,,,
Calibrated-Hybrid-LogTarget-scale_qlike,validation,neural_or_hybrid,731,4.719084269115148,2.408653179049137,1.5839617635402599,2.1576002606846854,2.091183271092591,0.9692171943050203,,,,,,
Calibrated-Hybrid-LogTarget-scale_mean,validation,neural_or_hybrid,731,4.719175855971158,2.4389027118663216,1.5847310591530253,2.1576002606846854,2.1576002606846854,1.0,,,,,,
ComboPair-GARCH11_HybridQLIKE,validation,benchmark_garch_family,731,4.7220629634444755,2.378976513902211,1.5867288798853418,2.1576002606846854,1.9909913971621227,0.9227804767368301,,,,,,
Calibrated-LSTM-QLIKE-isotonic,validation,neural_or_hybrid,731,4.664167044199702,2.4384974222129276,1.5885942329465943,2.1576002606846854,2.157600260684685,0.9999999999999998,,,,,,
Calibrated-LSTM-LogTarget-affine_nonnegative,validation,neural_or_hybrid,731,4.742262025453352,2.439954646637187,1.5955390200250954,2.1576002606846854,2.1860936546096057,1.0132060578801925,,,,,,
Calibrated-LSTM-LogTarget-scale_qlike,validation,neural_or_hybrid,731,4.747387708249189,2.4476800736902327,1.5955807649758191,2.1576002606846854,2.2046995026169154,1.021829456915844,,,,,,
Calibrated-LSTM-LogTarget-scale_mean,validation,neural_or_hybrid,731,4.742464795668945,2.4245996309187325,1.5957418666414087,2.1576002606846854,2.157600260684686,1.0000000000000002,,,,,,
AdvGARCH-BestQLIKE,validation,benchmark_garch_family,750,4.6858598440437635,2.2023521831092543,1.611303620133235,2.1342407332578572,1.6590120539627702,0.7773312673263132,,,,,,
Calibrated-ARIMA-GARCH-LSTM-affine_nonnegative,validation,benchmark_garch_family,731,4.753293650248931,2.4315599557263234,1.6150923002074176,2.1576002606846854,2.0079758244904182,0.9306523831496082,,,,,,
Calibrated-ARIMA-GARCH-LSTM-scale_qlike,validation,benchmark_garch_family,731,4.752630935860325,2.43502772395448,1.6150985466889212,2.1576002606846854,2.015092112447183,0.933950625222728,,,,,,
ARIMA-GARCH-LSTM,validation,benchmark_garch_family,731,4.757122208641947,2.412675706091275,1.6152834550265276,2.1576002606846854,1.9692230159378574,0.9126913135025999,,,,,,
Calibrated-ARIMA-GARCH-LSTM-scale_mean,validation,benchmark_garch_family,731,4.742003532780911,2.5060170042190757,1.6176140569551813,2.1576002606846854,2.1576002606846854,1.0,,,,,,
"GARCH(1,1)",validation,benchmark_garch_family,750,4.710176955015518,2.3561620652864237,1.62943243104654,2.1342407332578572,1.9923226258746338,0.9335041707471352,,,,,,
Calibrated-LSTM-LogTarget-Small-isotonic,validation,neural_or_hybrid,731,4.726030610643618,2.518706909664381,1.631877255394911,2.1576002606846854,2.157600260684686,1.0000000000000002,,,,,,
ARIMA-GARCH,validation,benchmark_garch_family,750,4.721296435254293,2.3562430709806486,1.6364838435487945,2.1342407332578572,1.9666954342429883,0.9214965320434514,,,,,,
Calibrated-Hybrid-QLIKE-affine_nonnegative,validation,neural_or_hybrid,731,4.812469448018812,2.475716582731478,1.6589860124162539,2.1576002606846854,2.001088041176713,0.9274600479245838,,,,,,
Calibrated-Hybrid-QLIKE-scale_qlike,validation,neural_or_hybrid,731,4.814486950701762,2.4645630160569785,1.6590502577701929,2.1576002606846854,1.9785753699027098,0.9170259227141712,,,,,,
Hybrid-QLIKE,validation,neural_or_hybrid,731,4.81886156013633,2.4427896456157563,1.6595824324896817,2.1576002606846854,1.9335374959353384,0.8961518642576343,,,,,,
Calibrated-LSTM-affine_nonnegative,validation,neural_or_hybrid,731,4.815350708383675,2.492470920873089,1.6614860427447709,2.1576002606846854,2.0157578274313552,0.9342591693939089,,,,,,
Calibrated-LSTM-scale_qlike,validation,neural_or_hybrid,731,4.813964295062653,2.5018812707378815,1.6615268444713394,2.1576002606846854,2.0340770598337916,0.9427497284359359,,,,,,
Calibrated-Hybrid-QLIKE-scale_mean,validation,neural_or_hybrid,731,4.801572910539142,2.5560645073953987,1.661751619199933,2.1576002606846854,2.157600260684685,0.9999999999999998,,,,,,
Calibrated-LSTM-scale_mean,validation,neural_or_hybrid,731,4.806609226015481,2.567529475771272,1.663746615914585,2.1576002606846854,2.1576002606846854,1.0,,,,,,
LSTM,validation,neural_or_hybrid,731,4.835781646060378,2.3925914264961663,1.6673171114763983,2.1576002606846854,1.8128730878131987,0.8402265798938622,,,,,,
Calibrated-LSTM-QLIKE-affine_nonnegative,validation,neural_or_hybrid,731,4.834665573063049,2.5073998669170616,1.6711660587876975,2.1576002606846854,2.011330775947585,0.932207328946705,,,,,,
Calibrated-LSTM-QLIKE-scale_qlike,validation,neural_or_hybrid,731,4.836278099522896,2.49655650505177,1.671219224403042,2.1576002606846854,1.9907327052120967,0.9226605787396246,,,,,,
Calibrated-LSTM-QLIKE-scale_mean,validation,neural_or_hybrid,731,4.82589470971683,2.584870783343348,1.6735734075259214,2.1576002606846854,2.1576002606846854,1.0,,,,,,
LSTM-QLIKE,validation,neural_or_hybrid,731,4.858825186521285,2.3881449107520685,1.6793709706894202,2.1576002606846854,1.7742423910938112,0.8223221063807155,,,,,,
Calibrated-LSTM-LogTarget-Small-affine_nonnegative,validation,neural_or_hybrid,731,4.870495588030022,2.562816750325359,1.6938485199719044,2.1576002606846854,2.0566391699176387,0.9532067674412461,,,,,,
Calibrated-LSTM-LogTarget-Small-scale_qlike,validation,neural_or_hybrid,731,4.870820042694253,2.559261010068737,1.6938538454084289,2.1576002606846854,2.0500039999923536,0.9501315129345658,,,,,,
Calibrated-LSTM-LogTarget-Small-scale_mean,validation,neural_or_hybrid,731,4.86673726454723,2.6181005911869746,1.6949772942497563,2.1576002606846854,2.157600260684686,1.0000000000000002,,,,,,
Hybrid-LogTarget-Small,validation,neural_or_hybrid,731,5.145894508088207,2.0091481713314554,3.8913356616340953,2.1576002606846854,0.4312038501666229,0.19985344738037164,,,,,,
Hybrid-LogTarget,validation,neural_or_hybrid,731,5.187524899046371,2.014338089478917,4.333756584932176,2.1576002606846854,0.380532799391802,0.17636853606564037,,,,,,
LSTM-LogTarget,validation,neural_or_hybrid,731,5.159188956365921,2.009581849069528,4.371889110253753,2.1576002606846854,0.40118935778890025,0.18594239401027335,,,,,,
LSTM-LogTarget-Small,validation,neural_or_hybrid,731,5.257866924790051,2.035712826362225,4.939853270108503,2.1576002606846854,0.34021597985819374,0.1576825819210046,,,,,,
