source_file,rows,models,splits
outputs/predictions/lstm_tuned/pred_hybrid_logtarget.csv,1457,Hybrid-LogTarget,test | validation
outputs/predictions/lstm_tuned/pred_hybrid_logtarget_small.csv,1457,Hybrid-LogTarget-Small,test | validation
outputs/predictions/lstm_tuned/pred_hybrid_qlike.csv,1457,Hybrid-QLIKE,test | validation
outputs/predictions/lstm_tuned/pred_lstm_logtarget.csv,1457,LSTM-LogTarget,test | validation
outputs/predictions/lstm_tuned/pred_lstm_logtarget_small.csv,1457,LSTM-LogTarget-Small,test | validation
outputs/predictions/lstm_tuned/pred_lstm_qlike.csv,1457,LSTM-QLIKE,test | validation
outputs/predictions/pred_arima_garch.csv,1495,ARIMA-GARCH,test | validation
outputs/predictions/pred_baseline_mean.csv,1495,HistoricalMean,test | validation
outputs/predictions/pred_garch_11.csv,1495,"GARCH(1,1)",test | validation
outputs/predictions/pred_lstm_base.csv,1457,LSTM,test | validation
outputs/predictions/pred_lstm_hybrid.csv,1457,ARIMA-GARCH-LSTM,test | validation
outputs/predictions/pred_rolling_vol_10.csv,1495,RollingVol-10,test | validation
outputs/predictions/pred_rolling_vol_20.csv,1495,RollingVol-20,test | validation
outputs/predictions/pred_rolling_vol_5.csv,1495,RollingVol-5,test | validation
outputs/advanced/predictions/calibrated_neural/pred_calibrated_arima_garch_lstm_affine_nonnegative.csv,1457,Calibrated-ARIMA-GARCH-LSTM-affine_nonnegative,test | validation
outputs/advanced/predictions/calibrated_neural/pred_calibrated_arima_garch_lstm_isotonic.csv,1457,Calibrated-ARIMA-GARCH-LSTM-isotonic,test | validation
outputs/advanced/predictions/calibrated_neural/pred_calibrated_arima_garch_lstm_scale_mean.csv,1457,Calibrated-ARIMA-GARCH-LSTM-scale_mean,test | validation
outputs/advanced/predictions/calibrated_neural/pred_calibrated_arima_garch_lstm_scale_qlike.csv,1457,Calibrated-ARIMA-GARCH-LSTM-scale_qlike,test | validation
outputs/advanced/predictions/calibrated_neural/pred_calibrated_hybrid_logtarget_affine_nonnegative.csv,1457,Calibrated-Hybrid-LogTarget-affine_nonnegative,test | validation
outputs/advanced/predictions/calibrated_neural/pred_calibrated_hybrid_logtarget_isotonic.csv,1457,Calibrated-Hybrid-LogTarget-isotonic,test | validation
outputs/advanced/predictions/calibrated_neural/pred_calibrated_hybrid_logtarget_scale_mean.csv,1457,Calibrated-Hybrid-LogTarget-scale_mean,test | validation
outputs/advanced/predictions/calibrated_neural/pred_calibrated_hybrid_logtarget_scale_qlike.csv,1457,Calibrated-Hybrid-LogTarget-scale_qlike,test | validation
outputs/advanced/predictions/calibrated_neural/pred_calibrated_hybrid_logtarget_small_affine_nonnegative.csv,1457,Calibrated-Hybrid-LogTarget-Small-affine_nonnegative,test | validation
outputs/advanced/predictions/calibrated_neural/pred_calibrated_hybrid_logtarget_small_isotonic.csv,1457,Calibrated-Hybrid-LogTarget-Small-isotonic,test | validation
outputs/advanced/predictions/calibrated_neural/pred_calibrated_hybrid_logtarget_small_scale_mean.csv,1457,Calibrated-Hybrid-LogTarget-Small-scale_mean,test | validation
outputs/advanced/predictions/calibrated_neural/pred_calibrated_hybrid_logtarget_small_scale_qlike.csv,1457,Calibrated-Hybrid-LogTarget-Small-scale_qlike,test | validation
outputs/advanced/predictions/calibrated_neural/pred_calibrated_hybrid_qlike_affine_nonnegative.csv,1457,Calibrated-Hybrid-QLIKE-affine_nonnegative,test | validation
outputs/advanced/predictions/calibrated_neural/pred_calibrated_hybrid_qlike_isotonic.csv,1457,Calibrated-Hybrid-QLIKE-isotonic,test | validation
outputs/advanced/predictions/calibrated_neural/pred_calibrated_hybrid_qlike_scale_mean.csv,1457,Calibrated-Hybrid-QLIKE-scale_mean,test | validation
outputs/advanced/predictions/calibrated_neural/pred_calibrated_hybrid_qlike_scale_qlike.csv,1457,Calibrated-Hybrid-QLIKE-scale_qlike,test | validation
outputs/advanced/predictions/calibrated_neural/pred_calibrated_lstm_affine_nonnegative.csv,1457,Calibrated-LSTM-affine_nonnegative,test | validation
outputs/advanced/predictions/calibrated_neural/pred_calibrated_lstm_isotonic.csv,1457,Calibrated-LSTM-isotonic,test | validation
outputs/advanced/predictions/calibrated_neural/pred_calibrated_lstm_logtarget_affine_nonnegative.csv,1457,Calibrated-LSTM-LogTarget-affine_nonnegative,test | validation
outputs/advanced/predictions/calibrated_neural/pred_calibrated_lstm_logtarget_isotonic.csv,1457,Calibrated-LSTM-LogTarget-isotonic,test | validation
outputs/advanced/predictions/calibrated_neural/pred_calibrated_lstm_logtarget_scale_mean.csv,1457,Calibrated-LSTM-LogTarget-scale_mean,test | validation
outputs/advanced/predictions/calibrated_neural/pred_calibrated_lstm_logtarget_scale_qlike.csv,1457,Calibrated-LSTM-LogTarget-scale_qlike,test | validation
outputs/advanced/predictions/calibrated_neural/pred_calibrated_lstm_logtarget_small_affine_nonnegative.csv,1457,Calibrated-LSTM-LogTarget-Small-affine_nonnegative,test | validation
outputs/advanced/predictions/calibrated_neural/pred_calibrated_lstm_logtarget_small_isotonic.csv,1457,Calibrated-LSTM-LogTarget-Small-isotonic,test | validation
outputs/advanced/predictions/calibrated_neural/pred_calibrated_lstm_logtarget_small_scale_mean.csv,1457,Calibrated-LSTM-LogTarget-Small-scale_mean,test | validation
outputs/advanced/predictions/calibrated_neural/pred_calibrated_lstm_logtarget_small_scale_qlike.csv,1457,Calibrated-LSTM-LogTarget-Small-scale_qlike,test | validation
outputs/advanced/predictions/calibrated_neural/pred_calibrated_lstm_qlike_affine_nonnegative.csv,1457,Calibrated-LSTM-QLIKE-affine_nonnegative,test | validation
outputs/advanced/predictions/calibrated_neural/pred_calibrated_lstm_qlike_isotonic.csv,1457,Calibrated-LSTM-QLIKE-isotonic,test | validation
outputs/advanced/predictions/calibrated_neural/pred_calibrated_lstm_qlike_scale_mean.csv,1457,Calibrated-LSTM-QLIKE-scale_mean,test | validation
outputs/advanced/predictions/calibrated_neural/pred_calibrated_lstm_qlike_scale_qlike.csv,1457,Calibrated-LSTM-QLIKE-scale_qlike,test | validation
outputs/advanced/predictions/calibrated_neural/pred_calibrated_lstm_scale_mean.csv,1457,Calibrated-LSTM-scale_mean,test | validation
outputs/advanced/predictions/calibrated_neural/pred_calibrated_lstm_scale_qlike.csv,1457,Calibrated-LSTM-scale_qlike,test | validation
outputs/advanced/predictions/forecast_combinations/pred_combomean_poola_econometric.csv,1495,ComboMean-PoolA_Econometric,test | validation
outputs/advanced/predictions/forecast_combinations/pred_combomean_poolb_garch_neural.csv,1457,ComboMean-PoolB_GARCH_Neural,test | validation
outputs/advanced/predictions/forecast_combinations/pred_combomean_poolc_garch_calibratedneural.csv,1457,ComboMean-PoolC_GARCH_CalibratedNeural,test | validation
outputs/advanced/predictions/forecast_combinations/pred_combomean_poold_allstable.csv,1457,ComboMean-PoolD_AllStable,test | validation
outputs/advanced/predictions/forecast_combinations/pred_combomedian_poola_econometric.csv,1495,ComboMedian-PoolA_Econometric,test | validation
outputs/advanced/predictions/forecast_combinations/pred_combomedian_poolb_garch_neural.csv,1457,ComboMedian-PoolB_GARCH_Neural,test | validation
outputs/advanced/predictions/forecast_combinations/pred_combomedian_poolc_garch_calibratedneural.csv,1457,ComboMedian-PoolC_GARCH_CalibratedNeural,test | validation
outputs/advanced/predictions/forecast_combinations/pred_combomedian_poold_allstable.csv,1457,ComboMedian-PoolD_AllStable,test | validation
outputs/advanced/predictions/forecast_combinations/pred_combopair_bestgarchfamily_bestcalibratedneural.csv,1457,ComboPair-BestGARCHFamily_BestCalibratedNeural,test | validation
outputs/advanced/predictions/forecast_combinations/pred_combopair_bestgarchfamily_hybridqlike.csv,1457,ComboPair-BestGARCHFamily_HybridQLIKE,test | validation
outputs/advanced/predictions/forecast_combinations/pred_combopair_bestrefitgarch_bestcalibratedneural.csv,1457,ComboPair-BestRefitGARCH_BestCalibratedNeural,test | validation
outputs/advanced/predictions/forecast_combinations/pred_combopair_bestrefitgarch_hybridqlike.csv,1457,ComboPair-BestRefitGARCH_HybridQLIKE,test | validation
outputs/advanced/predictions/forecast_combinations/pred_combopair_garch11_arimagarch.csv,1495,ComboPair-GARCH11_ARIMAGARCH,test | validation
outputs/advanced/predictions/forecast_combinations/pred_combopair_garch11_hybridqlike.csv,1457,ComboPair-GARCH11_HybridQLIKE,test | validation
outputs/advanced/predictions/forecast_combinations/pred_combostack_poola_econometric.csv,1495,ComboStack-PoolA_Econometric,test | validation
outputs/advanced/predictions/forecast_combinations/pred_combostack_poolb_garch_neural.csv,1457,ComboStack-PoolB_GARCH_Neural,test | validation
outputs/advanced/predictions/forecast_combinations/pred_combostack_poolc_garch_calibratedneural.csv,1457,ComboStack-PoolC_GARCH_CalibratedNeural,test | validation
outputs/advanced/predictions/forecast_combinations/pred_combostack_poold_allstable.csv,1457,ComboStack-PoolD_AllStable,test | validation
outputs/advanced/predictions/garch_family/pred_advgarch_bestarima.csv,1495,AdvGARCH-BestARIMA,test | validation
outputs/advanced/predictions/garch_family/pred_advgarch_bestasymmetric.csv,1495,AdvGARCH-BestAsymmetric,test | validation
outputs/advanced/predictions/garch_family/pred_advgarch_bestheavytail.csv,1495,AdvGARCH-BestHeavyTail,test | validation
outputs/advanced/predictions/garch_family/pred_advgarch_bestqlike.csv,1495,AdvGARCH-BestQLIKE,test | validation
outputs/advanced/predictions/garch_family/pred_advgarch_bestsymmetric.csv,1495,AdvGARCH-BestSymmetric,test | validation
outputs/advanced/predictions/refit_protocols/pred_refit_bestasymmetric_rolling_1000_monthly.csv,1495,Refit-BestAsymmetric-rolling_1000_monthly,test | validation
outputs/advanced/predictions/refit_protocols/pred_refit_bestgarchfamily_fixed_train_only.csv,1495,Refit-BestGARCHFamily-fixed_train_only,test | validation
outputs/advanced/predictions/refit_protocols/pred_refit_originalarimagarch_expanding_quarterly.csv,1495,Refit-OriginalARIMAGARCH-expanding_quarterly,test | validation
outputs/advanced/predictions/refit_protocols/pred_refit_originalgarch_expanding_quarterly.csv,1495,Refit-OriginalGARCH-expanding_quarterly,test | validation
outputs/stage1_extensions/predictions/ewma_predictions.csv,1495,EWMA(lambda=0.90),test | validation
outputs/stage1_extensions/predictions/har_predictions.csv,1495,HAR-Parkinson,test | validation
