experiment_type,true_rolling_origin_retraining,window_label,model,split,target_year,n_obs,rmse,mae,qlike,mean_actual_var,mean_pred_var,pred_actual_ratio
regime_time_existing_prediction_diagnostic,False,validation_2020,ComboStack-PoolC_GARCH_CalibratedNeural,validation,2020,232,5.211722317657075,2.472075405923127,1.4608035378871782,2.171552461142974,2.258365988270695,1.039977632906012
regime_time_existing_prediction_diagnostic,False,validation_2020,HAR-Parkinson,validation,2020,251,5.251462509818653,2.315760044017332,1.5736706492146026,2.1006969337372836,1.7508994645802383,0.8334850384463923
regime_time_existing_prediction_diagnostic,False,validation_2020,AdvGARCH-BestQLIKE,validation,2020,251,5.239901634077956,2.223111143804848,1.586388354457583,2.1006969337372836,1.534691406989229,0.7305629776204356
regime_time_existing_prediction_diagnostic,False,validation_2020,"GARCH(1,1)",validation,2020,251,5.250615674205607,2.426831063340512,1.5926010453582027,2.1006969337372836,1.9627766999195881,0.9343454871558622
regime_time_existing_prediction_diagnostic,False,validation_2020,ARIMA-GARCH,validation,2020,251,5.254320564418914,2.4016809088233635,1.5928240685570292,2.1006969337372836,1.8985512502718889,0.9037720861972395
regime_time_existing_prediction_diagnostic,False,validation_2020,AdvGARCH-BestAsymmetric,validation,2020,251,5.2339907452473655,2.257761308609193,1.594871831707767,2.1006969337372836,1.6016384937373425,0.762431966275077
regime_time_existing_prediction_diagnostic,False,validation_2020,LSTM-QLIKE,validation,2020,232,5.465621356433304,2.4067340895473737,1.6152030842842626,2.171552461142974,1.7021635408545364,0.7838463823980657
regime_time_existing_prediction_diagnostic,False,validation_2020,ARIMA-GARCH-LSTM,validation,2020,232,5.441155808294148,2.390590448846334,1.6210932318410545,2.171552461142974,1.6973127234598686,0.7816125807831074
regime_time_existing_prediction_diagnostic,False,validation_2020,Hybrid-QLIKE,validation,2020,232,5.458986037258473,2.434737345442676,1.6228928709824064,2.171552461142974,1.7698080066976876,0.8149966617735624
regime_time_existing_prediction_diagnostic,False,validation_2020,LSTM,validation,2020,232,5.442474812746079,2.4569543485572227,1.6271582541078837,2.171552461142974,1.812845537117843,0.83481544634831
regime_time_existing_prediction_diagnostic,False,validation_2020,EWMA(lambda=0.90),validation,2020,251,5.300911225346739,2.528383938342199,1.6798835993558832,2.1006969337372836,2.0746437856219457,0.9875978549323687
regime_time_existing_prediction_diagnostic,False,validation_2020,RollingVol-20,validation,2020,251,5.441411271260566,2.579617122937188,1.7666859940105601,2.1006969337372836,1.9642987138482952,0.9350700152418814
regime_time_existing_prediction_diagnostic,False,validation_2020,HistoricalMean,validation,2020,251,5.537383008618863,2.2291587972671447,1.9336711702246072,2.1006969337372836,1.198772908441445,0.5706548570567701
regime_time_existing_prediction_diagnostic,False,validation_2021,HAR-Parkinson,validation,2021,250,4.2550350219261235,1.8697295598398664,1.3137016040840463,1.7968211402172352,1.6245171252598005,0.9041061956024165
regime_time_existing_prediction_diagnostic,False,validation_2021,ComboStack-PoolC_GARCH_CalibratedNeural,validation,2021,250,4.079517269072441,1.8370777318201192,1.3187791565385045,1.7968211402172352,1.6685493746468378,0.9286118341445553
regime_time_existing_prediction_diagnostic,False,validation_2021,AdvGARCH-BestAsymmetric,validation,2021,250,4.258297871237219,1.814235409254474,1.4441310861567622,1.7968211402172352,1.4704425912837464,0.8183577977638722
regime_time_existing_prediction_diagnostic,False,validation_2021,ARIMA-GARCH-LSTM,validation,2021,250,4.3405140507661155,2.1381190316652794,1.4461425291566812,1.7968211402172352,1.856091073513031,1.032985995082755
regime_time_existing_prediction_diagnostic,False,validation_2021,AdvGARCH-BestQLIKE,validation,2021,250,4.251241108869677,1.8103203207474166,1.447718559096959,1.7968211402172352,1.4650981033827022,0.8153833849069542
regime_time_existing_prediction_diagnostic,False,validation_2021,"GARCH(1,1)",validation,2021,250,4.284844939593332,1.9073698806902861,1.4835166881990371,1.7968211402172352,1.7239299703418067,0.9594332634206341
regime_time_existing_prediction_diagnostic,False,validation_2021,Hybrid-QLIKE,validation,2021,250,4.405054321014514,2.2454403986590106,1.4890359997408067,1.7968211402172352,1.9377783160209656,1.078448084035058
regime_time_existing_prediction_diagnostic,False,validation_2021,ARIMA-GARCH,validation,2021,250,4.292532149826247,1.9209221732655941,1.4919900319653059,1.7968211402172352,1.7285794103340477,0.9620208554119432
regime_time_existing_prediction_diagnostic,False,validation_2021,LSTM,validation,2021,250,4.433709689766709,2.135507542069523,1.4972502382228263,1.7968211402172352,1.737935781955719,0.9672280356995372
regime_time_existing_prediction_diagnostic,False,validation_2021,LSTM-QLIKE,validation,2021,250,4.453119641769489,2.1762628207046992,1.515038491206739,1.7968211402172352,1.7738232517242432,0.9872007914542837
regime_time_existing_prediction_diagnostic,False,validation_2021,EWMA(lambda=0.90),validation,2021,250,4.363480343022716,2.012910228943756,1.5400871509219332,1.7968211402172352,1.8037459514644025,1.0038539235164665
regime_time_existing_prediction_diagnostic,False,validation_2021,HistoricalMean,validation,2021,250,4.55657093391983,1.9229053470261703,1.6801821304071118,1.7968211402172352,1.198772908441445,0.667163181470869
regime_time_existing_prediction_diagnostic,False,validation_2021,RollingVol-20,validation,2021,250,4.6063204022464275,2.1994465733192534,1.7091182310851414,1.7968211402172352,1.8362307721235196,1.0219329743090177
regime_time_existing_prediction_diagnostic,False,validation_2022,ComboStack-PoolC_GARCH_CalibratedNeural,validation,2022,249,4.371804875694746,2.6464403135286276,1.721137847372162,2.506828652694884,2.554729066746965,1.0191079729364778
regime_time_existing_prediction_diagnostic,False,validation_2022,ARIMA-GARCH-LSTM,validation,2022,249,4.464962322726883,2.7089124462010155,1.7796905363377382,2.506828652694884,2.3361554394764115,0.9319166816467508
regime_time_existing_prediction_diagnostic,False,validation_2022,HAR-Parkinson,validation,2022,249,4.6160084844980664,2.7011649653150474,1.7879701533700467,2.506828652694884,2.1623918920509615,0.8626005968642304
regime_time_existing_prediction_diagnostic,False,validation_2022,AdvGARCH-BestAsymmetric,validation,2022,249,4.490410010638449,2.5677961909829112,1.7986288796623786,2.506828652694884,1.9927502353182467,0.7949287771128696
regime_time_existing_prediction_diagnostic,False,validation_2022,AdvGARCH-BestQLIKE,validation,2022,249,4.507067303656418,2.5750327712854197,1.8006610375776428,2.506828652694884,1.9790239818156856,0.7894532319503372
regime_time_existing_prediction_diagnostic,False,validation_2022,"GARCH(1,1)",validation,2022,249,4.5387846537155685,2.7355200076055333,1.8130614010049664,2.506828652694884,2.2915764061875783,0.914133642011828
regime_time_existing_prediction_diagnostic,False,validation_2022,ARIMA-GARCH,validation,2022,249,4.56190922337807,2.747509444997684,1.8255684074797394,2.506828652694884,2.274459274218817,0.9073054401918274
regime_time_existing_prediction_diagnostic,False,validation_2022,EWMA(lambda=0.90),validation,2022,249,4.568808517977247,2.8319673244103614,1.842306648211425,2.506828652694884,2.4333394790850504,0.9706844049628875
regime_time_existing_prediction_diagnostic,False,validation_2022,Hybrid-QLIKE,validation,2022,249,4.574248869061732,2.6484340045689345,1.8649984423567763,2.506828652694884,2.0818308151390656,0.8304639461101826
regime_time_existing_prediction_diagnostic,False,validation_2022,LSTM,validation,2022,249,4.617005562331669,2.5907391099841006,1.87548407221089,2.506828652694884,1.8881370164304374,0.7531974769797918
regime_time_existing_prediction_diagnostic,False,validation_2022,LSTM-QLIKE,validation,2022,249,4.643721263834433,2.5835578948136413,1.904150366338685,2.506828652694884,1.8418210179930232,0.7347215438969209
regime_time_existing_prediction_diagnostic,False,validation_2022,RollingVol-20,validation,2022,249,4.6984968638067475,2.897287664701737,1.90425098575348,2.506828652694884,2.4136348401674486,0.9628240197321623
regime_time_existing_prediction_diagnostic,False,validation_2022,HistoricalMean,validation,2022,249,4.837125385770422,2.4232218565726806,2.2724607075070455,2.506828652694884,1.198772908441445,0.4782029705750903
regime_time_existing_prediction_diagnostic,False,test_2023,AdvGARCH-BestQLIKE,test,2023,248,2.4254858989484323,1.2224449761537328,0.9789157696066795,1.1045959399022316,1.1638705335477728,1.0536617884461785
regime_time_existing_prediction_diagnostic,False,test_2023,AdvGARCH-BestAsymmetric,test,2023,248,2.4240198756744844,1.2216056245359892,0.9810875789989305,1.1045959399022316,1.1654026609823036,1.0550488363061103
regime_time_existing_prediction_diagnostic,False,test_2023,ARIMA-GARCH,test,2023,248,2.4708936050094117,1.2793778250225583,1.010926658008743,1.1045959399022316,1.23150152997884,1.1148886986564888
regime_time_existing_prediction_diagnostic,False,test_2023,"GARCH(1,1)",test,2023,248,2.4689954079175513,1.2762940666861962,1.0115069743844738,1.1045959399022316,1.2302778683666171,1.1137809075013527
regime_time_existing_prediction_diagnostic,False,test_2023,HAR-Parkinson,test,2023,248,2.4504933698865177,1.2108491432224877,1.0284307018161878,1.1045959399022314,1.1408129219509553,1.0327875386287673
regime_time_existing_prediction_diagnostic,False,test_2023,EWMA(lambda=0.90),test,2023,248,2.471232091532287,1.2782043103175362,1.0372093156327182,1.1045959399022314,1.227865612017544,1.111597071528457
regime_time_existing_prediction_diagnostic,False,test_2023,RollingVol-20,test,2023,248,2.4611781843588694,1.2553500875581827,1.0514340679468785,1.1045959399022316,1.2301174658527516,1.1136356937557004
regime_time_existing_prediction_diagnostic,False,test_2023,HistoricalMean,test,2023,248,2.4452636906257763,1.2695135697216533,1.1027373154296167,1.1045959399022316,1.198772908441445,1.0852592021545444
regime_time_existing_prediction_diagnostic,False,test_2023,LSTM,test,2023,229,2.455643766459577,1.4431784044619533,1.1073055318190066,1.1004117611358142,1.5712368394610143,1.4278626373815086
regime_time_existing_prediction_diagnostic,False,test_2023,LSTM-QLIKE,test,2023,229,2.4756474079349435,1.4937150550219995,1.1313304614824033,1.1004117611358142,1.6285229093643254,1.4799213956813855
regime_time_existing_prediction_diagnostic,False,test_2023,ARIMA-GARCH-LSTM,test,2023,229,2.500297419747533,1.5913627320677077,1.1395267237743572,1.1004117611358142,1.805574777865514,1.6408174118403192
regime_time_existing_prediction_diagnostic,False,test_2023,ComboStack-PoolC_GARCH_CalibratedNeural,test,2023,229,2.5496406475396314,1.6358938827157992,1.152100393171315,1.1004117611358142,1.8444482837047897,1.6761437389591347
regime_time_existing_prediction_diagnostic,False,test_2023,Hybrid-QLIKE,test,2023,229,2.540187834436416,1.6754727935453506,1.190066822563893,1.1004117611358142,1.8814249106369685,1.7097462759712914
regime_time_existing_prediction_diagnostic,False,test_2024,AdvGARCH-BestQLIKE,test,2024,249,1.9626901564094559,0.8606645236494037,0.6077210962079354,0.7353761975077869,0.8197950246984895,1.114796790373146
regime_time_existing_prediction_diagnostic,False,test_2024,AdvGARCH-BestAsymmetric,test,2024,249,1.9640191349143823,0.8638364727916062,0.6169871211262447,0.7353761975077869,0.8170496081311116,1.1110634405901612
regime_time_existing_prediction_diagnostic,False,test_2024,ARIMA-GARCH,test,2024,249,1.9883042643742943,0.8955562667633538,0.6417476257201797,0.7353761975077869,0.8557791843466723,1.163729785172453
regime_time_existing_prediction_diagnostic,False,test_2024,HAR-Parkinson,test,2024,249,1.977405176100493,0.9277308511271762,0.6421691077809666,0.7353761975077869,0.9432922422083809,1.282734259560247
regime_time_existing_prediction_diagnostic,False,test_2024,"GARCH(1,1)",test,2024,249,1.9883122739518124,0.8944619188278136,0.6435987629381538,0.7353761975077869,0.8526822588945094,1.1595184366644942
regime_time_existing_prediction_diagnostic,False,test_2024,EWMA(lambda=0.90),test,2024,249,1.9910100292140738,0.8559481007477806,0.6887339849932287,0.7353761975077869,0.7441722866227519,1.011961345967921
regime_time_existing_prediction_diagnostic,False,test_2024,RollingVol-20,test,2024,249,2.019303580316515,0.8799295062711741,0.7245199609296036,0.7353761975077869,0.7464326610347549,1.0150351120480086
regime_time_existing_prediction_diagnostic,False,test_2024,ComboStack-PoolC_GARCH_CalibratedNeural,test,2024,249,2.0334729495760286,1.1660456337752687,0.7700581702931437,0.7353761975077869,1.3175686910411764,1.7916934155694162
regime_time_existing_prediction_diagnostic,False,test_2024,HistoricalMean,test,2024,249,2.0243924601644023,1.1224768484103256,0.79473924524093,0.7353761975077869,1.198772908441445,1.630149184191879
regime_time_existing_prediction_diagnostic,False,test_2024,LSTM,test,2024,249,2.1064161685516263,1.3313282252412195,0.8850420242505361,0.7353761975077869,1.4996926387151082,2.0393543383612545
regime_time_existing_prediction_diagnostic,False,test_2024,ARIMA-GARCH-LSTM,test,2024,249,2.125189264644575,1.3727760025109748,0.89424677397386,0.7353761975077869,1.5690004188851658,2.1336023986125165
regime_time_existing_prediction_diagnostic,False,test_2024,LSTM-QLIKE,test,2024,249,2.1528421313888164,1.424723222430531,0.9279186441612276,0.7353761975077869,1.6196440180621472,2.202470005897895
regime_time_existing_prediction_diagnostic,False,test_2024,Hybrid-QLIKE,test,2024,249,2.2438445068505226,1.5922803901639169,0.9971046785829608,0.7353761975077869,1.832973920676603,2.492566290408378
regime_time_existing_prediction_diagnostic,False,test_2025,ComboStack-PoolC_GARCH_CalibratedNeural,test,2025,248,5.386316179188316,2.048257560515419,1.4119487451003798,1.7933270643199086,1.7254067360291854,0.9621260785932091
regime_time_existing_prediction_diagnostic,False,test_2025,HAR-Parkinson,test,2025,248,5.379397535085911,1.9381955254044974,1.4345466444938029,1.7933270643199086,1.459551640276086,0.8138792244400762
regime_time_existing_prediction_diagnostic,False,test_2025,ARIMA-GARCH-LSTM,test,2025,248,5.581320396209768,2.187735756811608,1.4709322179724713,1.7933270643199086,1.7392838073353614,0.9698642494948113
regime_time_existing_prediction_diagnostic,False,test_2025,LSTM,test,2025,248,5.619410865491264,2.130881591303351,1.4876529920879364,1.7933270643199086,1.635316728584228,0.9118898393497432
regime_time_existing_prediction_diagnostic,False,test_2025,AdvGARCH-BestAsymmetric,test,2025,248,5.288293992243926,1.8798812899941681,1.4935656841801381,1.7933270643199086,1.4259617356261618,0.7951487288610879
regime_time_existing_prediction_diagnostic,False,test_2025,LSTM-QLIKE,test,2025,248,5.618758133513169,2.2080665847171663,1.495241174780872,1.7933270643199086,1.7500169993408266,0.9758493217211849
regime_time_existing_prediction_diagnostic,False,test_2025,Hybrid-QLIKE,test,2025,248,5.605449896764543,2.306737105875386,1.5021962907851911,1.7933270643199086,1.918893069509537,1.0700184632730378
regime_time_existing_prediction_diagnostic,False,test_2025,AdvGARCH-BestQLIKE,test,2025,248,5.324565287060329,1.8925772684480597,1.5127204878204306,1.7933270643199086,1.4158418795926628,0.789505666736591
regime_time_existing_prediction_diagnostic,False,test_2025,"GARCH(1,1)",test,2025,248,5.42954578974445,2.05491309528217,1.5354603338196502,1.7933270643199086,1.6820825277136051,0.9379675136679593
regime_time_existing_prediction_diagnostic,False,test_2025,ARIMA-GARCH,test,2025,248,5.474598463118181,2.0707956272719024,1.5470222930957827,1.7933270643199086,1.663306102281949,0.9274973513616893
regime_time_existing_prediction_diagnostic,False,test_2025,HistoricalMean,test,2025,248,5.709488175353346,1.950453112126069,1.6772674199788713,1.7933270643199086,1.198772908441445,0.6684630663821832
regime_time_existing_prediction_diagnostic,False,test_2025,EWMA(lambda=0.90),test,2025,248,5.563586799668095,2.1560524581359193,1.952526231266517,1.7933270643199086,1.7305443192824483,0.9649909119833254
regime_time_existing_prediction_diagnostic,False,test_2025,RollingVol-20,test,2025,248,5.912874231798909,2.295326295193385,2.0823474216223414,1.7933270643199086,1.7080623118110696,0.9524544327661868
