relative_path,artifact_type,sha256,size_bytes,mtime_utc,code_config_source,used_in_manuscript,sequence_construction_status
outputs/advanced_corrected_context_v2/audit/forecast_combination_report.md,audit_report,b3bf00ca47b1a192269e3e0e1e42ee91b8ecee4db7c894dbd1bc61f5cb343935,3046,2026-05-31T16:25:04.166503+00:00,src/advanced_forecast_combinations.py,False,post_sequence_context_fix
outputs/advanced_corrected_context_v2/audit/neural_calibration_report.md,audit_report,0dfdf1fcfd9e168ccc335e0ce4602a5f7a4eabebeaf8af4fa7393275ba2a19ff,2362,2026-05-31T16:25:02.234548+00:00,src/advanced_forecast_combinations.py,False,post_sequence_context_fix
outputs/advanced_corrected_context_v2/predictions/calibrated_neural/pred_calibrated_arima_garch_lstm_affine_nonnegative.csv,prediction,b95bae8161dc9d5472c692121bb0b69e96d63a1a724eefbfe67a543603311297,171236,2026-05-31T16:25:01.876120+00:00,src/advanced_forecast_combinations.py,False,post_sequence_context_fix
outputs/advanced_corrected_context_v2/predictions/calibrated_neural/pred_calibrated_arima_garch_lstm_isotonic.csv,prediction,84b31b8b2e2f4931777c0c40aff96281bfe8fe3c9ee9214a33572404832e6bea,156484,2026-05-31T16:25:01.887120+00:00,src/advanced_forecast_combinations.py,False,post_sequence_context_fix
outputs/advanced_corrected_context_v2/predictions/calibrated_neural/pred_calibrated_arima_garch_lstm_scale_mean.csv,prediction,a03460f67a506fc9f4c77feddb038b43c4e3db4e5114b88e12906126ee34e1fc,159228,2026-05-31T16:25:01.865120+00:00,src/advanced_forecast_combinations.py,False,post_sequence_context_fix
outputs/advanced_corrected_context_v2/predictions/calibrated_neural/pred_calibrated_arima_garch_lstm_scale_qlike.csv,prediction,45ec65ae0b6bc67cba6f045d6ba7e14a100de349d8b3bc5196384457e5826990,160747,2026-05-31T16:25:01.853120+00:00,src/advanced_forecast_combinations.py,False,post_sequence_context_fix
outputs/advanced_corrected_context_v2/predictions/calibrated_neural/pred_calibrated_hybrid_logtarget_affine_nonnegative.csv,prediction,1194e9a6fbe3d31f489e431c9008fa8d24e680a95edc0d72dfb46aa74a1c02d4,171217,2026-05-31T16:25:02.143120+00:00,src/advanced_forecast_combinations.py,False,post_sequence_context_fix
outputs/advanced_corrected_context_v2/predictions/calibrated_neural/pred_calibrated_hybrid_logtarget_isotonic.csv,prediction,3bb2f76fedc4ba00b604c57d64255ed1bdaaefa685deef87c57c5a7d9fe5fde5,156098,2026-05-31T16:25:02.155120+00:00,src/advanced_forecast_combinations.py,False,post_sequence_context_fix
outputs/advanced_corrected_context_v2/predictions/calibrated_neural/pred_calibrated_hybrid_logtarget_scale_mean.csv,prediction,5efae485988c47225f17d4f4bf8096ebbeadda6743ea6e7ac71e867dcb3c68e8,159263,2026-05-31T16:25:02.130120+00:00,src/advanced_forecast_combinations.py,False,post_sequence_context_fix
outputs/advanced_corrected_context_v2/predictions/calibrated_neural/pred_calibrated_hybrid_logtarget_scale_qlike.csv,prediction,49b7ecaf8ceb8c16dfeb20e9e2a3c6028f9c551ca63fb0729ebb681cb5e3fb62,160760,2026-05-31T16:25:02.118120+00:00,src/advanced_forecast_combinations.py,False,post_sequence_context_fix
outputs/advanced_corrected_context_v2/predictions/calibrated_neural/pred_calibrated_hybrid_logtarget_small_affine_nonnegative.csv,prediction,7f807c1ac92ff7c5a916ffea8b20fa115f5c3b387a5f9d057a400270b9b386f6,180150,2026-05-31T16:25:02.198120+00:00,src/advanced_forecast_combinations.py,False,post_sequence_context_fix
outputs/advanced_corrected_context_v2/predictions/calibrated_neural/pred_calibrated_hybrid_logtarget_small_isotonic.csv,prediction,1fd88f6849b57b4b49ae028a6efb31b594ac6cebb7ac566a616e00f0077f1ded,164676,2026-05-31T16:25:02.210120+00:00,src/advanced_forecast_combinations.py,False,post_sequence_context_fix
outputs/advanced_corrected_context_v2/predictions/calibrated_neural/pred_calibrated_hybrid_logtarget_small_scale_mean.csv,prediction,b71dfcf3bcf4d0966a22b0c05ac08f765d3ae1e83d98d4e99ca5a94250f7384b,168225,2026-05-31T16:25:02.187120+00:00,src/advanced_forecast_combinations.py,False,post_sequence_context_fix
outputs/advanced_corrected_context_v2/predictions/calibrated_neural/pred_calibrated_hybrid_logtarget_small_scale_qlike.csv,prediction,9183ea0ce905b851c905f252da8fd49398c413f440204bfa410817177ee5a544,169674,2026-05-31T16:25:02.175120+00:00,src/advanced_forecast_combinations.py,False,post_sequence_context_fix
outputs/advanced_corrected_context_v2/predictions/calibrated_neural/pred_calibrated_hybrid_qlike_affine_nonnegative.csv,prediction,3aca154d22c3b94fbc0c31414622821710b9aee5be8d6edb5a2c36fec6f2bc21,165227,2026-05-31T16:25:01.978120+00:00,src/advanced_forecast_combinations.py,False,post_sequence_context_fix
outputs/advanced_corrected_context_v2/predictions/calibrated_neural/pred_calibrated_hybrid_qlike_isotonic.csv,prediction,67437a0e4f9031a3ca29b689e6574b07e278525b02e4137dc79606cc7044921f,150312,2026-05-31T16:25:01.988120+00:00,src/advanced_forecast_combinations.py,False,post_sequence_context_fix
outputs/advanced_corrected_context_v2/predictions/calibrated_neural/pred_calibrated_hybrid_qlike_scale_mean.csv,prediction,31f761c6746c506e82249e3a9e2ea42d905ae58b8ce7a80b25a00cd420d3df03,153198,2026-05-31T16:25:01.968120+00:00,src/advanced_forecast_combinations.py,False,post_sequence_context_fix
outputs/advanced_corrected_context_v2/predictions/calibrated_neural/pred_calibrated_hybrid_qlike_scale_qlike.csv,prediction,e81aa9b9c58ec224516970ea2e769696457a43c09c7914c785f0b2a0afb47a51,154746,2026-05-31T16:25:01.957120+00:00,src/advanced_forecast_combinations.py,False,post_sequence_context_fix
outputs/advanced_corrected_context_v2/predictions/calibrated_neural/pred_calibrated_lstm_affine_nonnegative.csv,prediction,87df41680644b96c6392e22e10f6f19fc4e7045320a45df574c12a2c33e6f467,153289,2026-05-31T16:25:01.821120+00:00,src/advanced_forecast_combinations.py,False,post_sequence_context_fix
outputs/advanced_corrected_context_v2/predictions/calibrated_neural/pred_calibrated_lstm_isotonic.csv,prediction,a8817955c91ac1176cb52fd66c6c106b58d932821893955aafffa9a03d672c68,138686,2026-05-31T16:25:01.833120+00:00,src/advanced_forecast_combinations.py,False,post_sequence_context_fix
outputs/advanced_corrected_context_v2/predictions/calibrated_neural/pred_calibrated_lstm_logtarget_affine_nonnegative.csv,prediction,c4db781abd0efb5271a8b5f78628418ea617554c1db38a347c6703d2e3d06a15,168232,2026-05-31T16:25:02.031120+00:00,src/advanced_forecast_combinations.py,False,post_sequence_context_fix
outputs/advanced_corrected_context_v2/predictions/calibrated_neural/pred_calibrated_lstm_logtarget_isotonic.csv,prediction,e3b6331a475646d8e2978422d2a494ed0b411224fcede90916dcdaf00c5a39fc,152712,2026-05-31T16:25:02.042120+00:00,src/advanced_forecast_combinations.py,False,post_sequence_context_fix
outputs/advanced_corrected_context_v2/predictions/calibrated_neural/pred_calibrated_lstm_logtarget_scale_mean.csv,prediction,a93c7cf8f6de7c7f16f981acfd7a4ff808d8d5dacc3af91cd4a3e5e70030dea2,156317,2026-05-31T16:25:02.019120+00:00,src/advanced_forecast_combinations.py,False,post_sequence_context_fix
outputs/advanced_corrected_context_v2/predictions/calibrated_neural/pred_calibrated_lstm_logtarget_scale_qlike.csv,prediction,4218756b1f060fc29b3f09bce24a4a16e5e1a224bdd5f2cb501e57c045bf00fd,157786,2026-05-31T16:25:02.008120+00:00,src/advanced_forecast_combinations.py,False,post_sequence_context_fix
outputs/advanced_corrected_context_v2/predictions/calibrated_neural/pred_calibrated_lstm_logtarget_small_affine_nonnegative.csv,prediction,2f80c458d7427d992ad2368d1048779759bcddc123228ecd7a57a785ecc583d9,177078,2026-05-31T16:25:02.086120+00:00,src/advanced_forecast_combinations.py,False,post_sequence_context_fix
outputs/advanced_corrected_context_v2/predictions/calibrated_neural/pred_calibrated_lstm_logtarget_small_isotonic.csv,prediction,a8f4a380d5181a191541fc8c1981a40ef11041a083f0c21bfdf10242a01995bd,162692,2026-05-31T16:25:02.098120+00:00,src/advanced_forecast_combinations.py,False,post_sequence_context_fix
outputs/advanced_corrected_context_v2/predictions/calibrated_neural/pred_calibrated_lstm_logtarget_small_scale_mean.csv,prediction,2302c5bf72a7f4c08452faa0a833211b0482631d62e46cf4732b9628dff495cb,165142,2026-05-31T16:25:02.075120+00:00,src/advanced_forecast_combinations.py,False,post_sequence_context_fix
outputs/advanced_corrected_context_v2/predictions/calibrated_neural/pred_calibrated_lstm_logtarget_small_scale_qlike.csv,prediction,7f930a05c96a7bd6faa09f3ea9d28bb337cac1a98394f41399ff3d5d85bd5990,166609,2026-05-31T16:25:02.062120+00:00,src/advanced_forecast_combinations.py,False,post_sequence_context_fix
outputs/advanced_corrected_context_v2/predictions/calibrated_neural/pred_calibrated_lstm_qlike_affine_nonnegative.csv,prediction,64bd4f0c0702d29464045a93623ebbaf4b1328b18865863fa284029a93a5c751,162211,2026-05-31T16:25:01.929120+00:00,src/advanced_forecast_combinations.py,False,post_sequence_context_fix
outputs/advanced_corrected_context_v2/predictions/calibrated_neural/pred_calibrated_lstm_qlike_isotonic.csv,prediction,29856f4b49411205b62cea841f3dcf5cb5c465a06f333eb658b4a8ae65f18bcb,147438,2026-05-31T16:25:01.939120+00:00,src/advanced_forecast_combinations.py,False,post_sequence_context_fix
outputs/advanced_corrected_context_v2/predictions/calibrated_neural/pred_calibrated_lstm_qlike_scale_mean.csv,prediction,cd78676d3d03297830b00b7b643b91509ad30bb1fcf769cbe160bf70f32a12c7,150171,2026-05-31T16:25:01.918120+00:00,src/advanced_forecast_combinations.py,False,post_sequence_context_fix
outputs/advanced_corrected_context_v2/predictions/calibrated_neural/pred_calibrated_lstm_qlike_scale_qlike.csv,prediction,0de4a9055de67168b6d7e5e85d0b2ce02570fe970f659dec1ca78d6be5f69d15,151688,2026-05-31T16:25:01.907120+00:00,src/advanced_forecast_combinations.py,False,post_sequence_context_fix
outputs/advanced_corrected_context_v2/predictions/calibrated_neural/pred_calibrated_lstm_scale_mean.csv,prediction,e6af08594e0fa587869d13085a768c8bf6e8264d6cd17ab8af18af2a296efedd,141250,2026-05-31T16:25:01.810120+00:00,src/advanced_forecast_combinations.py,False,post_sequence_context_fix
outputs/advanced_corrected_context_v2/predictions/calibrated_neural/pred_calibrated_lstm_scale_qlike.csv,prediction,6331b4e96ef287bf9ccbddba4edc22eaf5c4aa6d2fbf3b19b5994c30cfe9a6c3,142797,2026-05-31T16:25:01.799120+00:00,src/advanced_forecast_combinations.py,False,post_sequence_context_fix
outputs/advanced_corrected_context_v2/predictions/forecast_combinations/pred_combomean_poola_econometric.csv,prediction,f615ab8ad87ce521f11141c01c026f22c090ab0f85e32575f68aaa3a979a24f2,142975,2026-05-31T16:25:04.072118+00:00,src/advanced_forecast_combinations.py,False,post_sequence_context_fix
outputs/advanced_corrected_context_v2/predictions/forecast_combinations/pred_combomean_poolb_garch_neural.csv,prediction,0e43ea21b711710cfa2ad67fdc1913c15f97be9344d9242201854787d49ab20d,144338,2026-05-31T16:25:04.098118+00:00,src/advanced_forecast_combinations.py,False,post_sequence_context_fix
outputs/advanced_corrected_context_v2/predictions/forecast_combinations/pred_combomean_poolc_garch_calibratedneural.csv,prediction,533aaca469cc41082956dd6e105cdbbcc5e03ef1ded5e84f90a3960b438e1086,159240,2026-05-31T16:25:04.125118+00:00,src/advanced_forecast_combinations.py,False,post_sequence_context_fix
outputs/advanced_corrected_context_v2/predictions/forecast_combinations/pred_combomean_poold_allstable.csv,prediction,15cffef702b002205a86898479d27beae21f4f4e860360aeeee687749b2bcb8c,139783,2026-05-31T16:25:04.152118+00:00,src/advanced_forecast_combinations.py,False,post_sequence_context_fix
outputs/advanced_corrected_context_v2/predictions/forecast_combinations/pred_combomedian_poola_econometric.csv,prediction,d4b001fd4bc8d658e3470b5b0864f0663bfb162969f18180bbc0bb3b677cd02c,145930,2026-05-31T16:25:04.080118+00:00,src/advanced_forecast_combinations.py,False,post_sequence_context_fix
outputs/advanced_corrected_context_v2/predictions/forecast_combinations/pred_combomedian_poolb_garch_neural.csv,prediction,dc93a1293694c8aef73125f1ae8fcf811b9b03aced020d9588e38813a09ad825,147327,2026-05-31T16:25:04.107118+00:00,src/advanced_forecast_combinations.py,False,post_sequence_context_fix
outputs/advanced_corrected_context_v2/predictions/forecast_combinations/pred_combomedian_poolc_garch_calibratedneural.csv,prediction,80958bc021763fac09383246f23a976a7c5b26e54a42a1e8481aa58f4f486302,161435,2026-05-31T16:25:04.134118+00:00,src/advanced_forecast_combinations.py,False,post_sequence_context_fix
outputs/advanced_corrected_context_v2/predictions/forecast_combinations/pred_combomedian_poold_allstable.csv,prediction,64fc6a0b91ddb6ea45e881a2788b02be2a4d954cdc95f7ee641cf43114bed00c,142820,2026-05-31T16:25:04.161118+00:00,src/advanced_forecast_combinations.py,False,post_sequence_context_fix
outputs/advanced_corrected_context_v2/predictions/forecast_combinations/pred_combopair_bestgarchfamily_bestcalibratedneural.csv,prediction,ba87084916bf4149d319927486b8d38fce9053d68de649bcc5a3f92bed9f27eb,171231,2026-05-31T16:25:04.037118+00:00,src/advanced_forecast_combinations.py,False,post_sequence_context_fix
outputs/advanced_corrected_context_v2/predictions/forecast_combinations/pred_combopair_bestgarchfamily_hybridqlike.csv,prediction,21508e172cb5ac1e48df424007cda09d2295d461a69874cc9687261d85dcdef4,157826,2026-05-31T16:25:04.028118+00:00,src/advanced_forecast_combinations.py,False,post_sequence_context_fix
outputs/advanced_corrected_context_v2/predictions/forecast_combinations/pred_combopair_bestrefitgarch_bestcalibratedneural.csv,prediction,69f73b3687898e166ef837ef546399c98872eea72aa2bf6adf124eb21ad9aaa6,169728,2026-05-31T16:25:04.055118+00:00,src/advanced_forecast_combinations.py,False,post_sequence_context_fix
outputs/advanced_corrected_context_v2/predictions/forecast_combinations/pred_combopair_bestrefitgarch_hybridqlike.csv,prediction,b96615eac4c2b617550fb349d0d4a54ea019055b5f9ece872652ccf6afbf783d,156330,2026-05-31T16:25:04.045118+00:00,src/advanced_forecast_combinations.py,False,post_sequence_context_fix
outputs/advanced_corrected_context_v2/predictions/forecast_combinations/pred_combopair_garch11_arimagarch.csv,prediction,5ea54a9f642909b561dc6ee81877d8f7503f10ddbeeb91b7033d81a35610f338,144294,2026-05-31T16:25:04.010118+00:00,src/advanced_forecast_combinations.py,False,post_sequence_context_fix
outputs/advanced_corrected_context_v2/predictions/forecast_combinations/pred_combopair_garch11_hybridqlike.csv,prediction,b9b90c9728dbea8f1a9a62b90019d49450fe037ee76b26315ff1300ce5d42a62,145795,2026-05-31T16:25:04.018118+00:00,src/advanced_forecast_combinations.py,False,post_sequence_context_fix
outputs/advanced_corrected_context_v2/predictions/forecast_combinations/pred_combostack_poola_econometric.csv,prediction,7e14035df0a9181cc0403d36f9d6012220a36adec279c288a58313ef629a4e5c,144401,2026-05-31T16:25:04.063118+00:00,src/advanced_forecast_combinations.py,False,post_sequence_context_fix
outputs/advanced_corrected_context_v2/predictions/forecast_combinations/pred_combostack_poolb_garch_neural.csv,prediction,15d73564d406efd6d1d1ef451055edaa6d04df7e919b2cb03f29ba62e4a2bbb6,145818,2026-05-31T16:25:04.090118+00:00,src/advanced_forecast_combinations.py,False,post_sequence_context_fix
outputs/advanced_corrected_context_v2/predictions/forecast_combinations/pred_combostack_poolc_garch_calibratedneural.csv,prediction,75027495da9a57b04058c817ef90be08d4beaa9c62a281bf685fb07d6c02e52c,160760,2026-05-31T16:25:04.115118+00:00,src/advanced_forecast_combinations.py,False,post_sequence_context_fix
outputs/advanced_corrected_context_v2/predictions/forecast_combinations/pred_combostack_poold_allstable.csv,prediction,7b5e92b0c8ad1a1d9e446cf5fda912bf9de647341efc562438a8d757c8fde7b3,141319,2026-05-31T16:25:04.143118+00:00,src/advanced_forecast_combinations.py,False,post_sequence_context_fix
outputs/advanced_corrected_context_v2/predictions/garch_family/pred_advgarch_bestarima.csv,prediction,c6971f1a4ad9d44aad8e6f1b69e92170ca38052b251592dafc7d8253edc5fb8f,129543,2026-05-25T15:55:34.170012+00:00,src/advanced_forecast_combinations.py,False,post_sequence_context_fix
outputs/advanced_corrected_context_v2/predictions/garch_family/pred_advgarch_bestasymmetric.csv,prediction,065c958c9aa9334f3829499bab179a06d1f3906cd7a6655e497db3ddf15d232c,137041,2026-05-25T15:55:34.151011+00:00,src/advanced_forecast_combinations.py,False,post_sequence_context_fix
outputs/advanced_corrected_context_v2/predictions/garch_family/pred_advgarch_bestheavytail.csv,prediction,565d75c0f2d05224ff99e68ec88f7971e7277e61849cfe7836016c448fd767f4,135553,2026-05-25T15:55:34.161011+00:00,src/advanced_forecast_combinations.py,False,post_sequence_context_fix
outputs/advanced_corrected_context_v2/predictions/garch_family/pred_advgarch_bestqlike.csv,prediction,60c7ecb9c33c0d7d6aa3c77bb44e10bad2c169dd65e34a60fbf25b60ba06da74,129543,2026-05-25T15:55:34.131010+00:00,src/advanced_forecast_combinations.py,False,post_sequence_context_fix
outputs/advanced_corrected_context_v2/predictions/garch_family/pred_advgarch_bestsymmetric.csv,prediction,bbab746f6bab4467f47e9ed1cb30f106faa6d7b9171489d277bea5e5d73b9057,135481,2026-05-25T15:55:34.140010+00:00,src/advanced_forecast_combinations.py,False,post_sequence_context_fix
outputs/advanced_corrected_context_v2/predictions/refit_protocols/pred_refit_bestasymmetric_rolling_1000_monthly.csv,prediction,cff86ac8f12f5ba1ae77a12afaa1d48b57ea49704c07a1c42a9715adbc9272b7,163825,2026-05-25T15:56:59.868409+00:00,src/advanced_forecast_combinations.py,False,post_sequence_context_fix
outputs/advanced_corrected_context_v2/predictions/refit_protocols/pred_refit_bestgarchfamily_fixed_train_only.csv,prediction,895c2abe2e0f2f7665f19f03ac87f77982a87775364000f8d16167d81d62036b,159443,2026-05-25T15:56:38.067578+00:00,src/advanced_forecast_combinations.py,False,post_sequence_context_fix
outputs/advanced_corrected_context_v2/predictions/refit_protocols/pred_refit_originalarimagarch_expanding_quarterly.csv,prediction,68b54da065fa3454287e2576cb8b2171ff9e181dadbc02e2938a723d6d26ecfa,168325,2026-05-25T15:56:09.201444+00:00,src/advanced_forecast_combinations.py,False,post_sequence_context_fix
outputs/advanced_corrected_context_v2/predictions/refit_protocols/pred_refit_originalgarch_expanding_quarterly.csv,prediction,4b1d5b866db1c9a1c4a4a32c892599ea1add95c6302b825f0b08ffe526e46b90,160823,2026-05-25T15:55:38.169178+00:00,src/advanced_forecast_combinations.py,False,post_sequence_context_fix
outputs/advanced_corrected_context_v2/tables/table_forecast_combination_test.csv,result_table,c33ce8d869cc10ec880c9a58c2a2f6ac4cc12029b84b027c2e0fbd90a3f422dc,11410,2026-05-31T16:25:04.164946+00:00,src/advanced_forecast_combinations.py,False,post_sequence_context_fix
outputs/advanced_corrected_context_v2/tables/table_forecast_combination_validation.csv,result_table,b580f9885561a485b9434188ec22544ca866609b0d0982ca294be0e6aa6eb735,11404,2026-05-31T16:25:04.164118+00:00,src/advanced_forecast_combinations.py,False,post_sequence_context_fix
outputs/advanced_corrected_context_v2/tables/table_forecast_combination_weights.csv,result_table,e03538590f1d8d60d82d9265bf9c58f412c264b3f841b0798d2730624a6e2387,20415,2026-05-31T16:25:04.165118+00:00,src/advanced_forecast_combinations.py,False,post_sequence_context_fix
outputs/advanced_corrected_context_v2/tables/table_neural_calibration_prediction_files.csv,prediction,c1d87bfaab24011edb236f5903302f737b1cca7d9b3d19da456b6cd0a6008c37,4982,2026-05-31T16:25:02.216586+00:00,src/advanced_forecast_combinations.py,False,post_sequence_context_fix
outputs/advanced_corrected_context_v2/tables/table_neural_calibration_test.csv,result_table,aa40a8a35793546d84fe1553256983d5c371ff871c5e33d0733ceb0c4a599451,12563,2026-05-31T16:25:02.215120+00:00,src/advanced_forecast_combinations.py,False,post_sequence_context_fix
outputs/advanced_corrected_context_v2/tables/table_neural_calibration_underprediction.csv,prediction,bb7955db758fe0687ff3152e179847642e438929e19020a2f3c7164d51874cda,5957,2026-05-31T16:25:02.216047+00:00,src/advanced_forecast_combinations.py,False,post_sequence_context_fix
outputs/advanced_corrected_context_v2/tables/table_neural_calibration_validation.csv,result_table,3b461e279d1dc822fb1a7285b9298f586c11dff8e4efed8314fc7059a9ab2f9b,12792,2026-05-31T16:25:02.214770+00:00,src/advanced_forecast_combinations.py,False,post_sequence_context_fix
outputs/audit/advanced_garch_failure_taxonomy.csv,result_table,01de52ea42fabf159117f54a404ceda8ba0cb7fa7c150eec110d3298e1c49b70,831,2026-05-31T16:37:56.294939+00:00,paper or final artifact generation,False,not_neural_or_mixed
outputs/audit/baseline_artifact_manifest.csv,result_table,f0e5baf3a46f3b37da193e65c56f698a85fdb499ef99d64ba1560c5189caa4e0,103068,2026-05-31T16:15:59.995956+00:00,src/completion_extensions.py,False,not_neural_or_mixed
outputs/audit/baseline_artifact_manifest.json,artifact,e6321efa44fbd5d7cf97d6868e9818594d804859de1d52cdcd6794c2f9802941,186310,2026-05-31T16:15:59.997684+00:00,src/completion_extensions.py,False,not_neural_or_mixed
outputs/audit/common_window_report.md,audit_report,503e805da94e43deb74bcbbd19a300d9367b5aa35a403f9b7bf868acb5900cab,187,2026-05-25T16:35:28.519075+00:00,paper or final artifact generation,False,not_neural_or_mixed
outputs/audit/data_contract_report.md,audit_report,62642cfdc172f06f189856feefcfcb27a8840db153fa544a5c8b1f6913ce3b23,370,2026-05-25T16:35:28.518908+00:00,paper or final artifact generation,False,not_neural_or_mixed
outputs/audit/econometric_diagnostics_report.md,audit_report,289cdb08cd6490338744a21e617aad873d564fa383e34da0613b407c2f54e851,1785,2026-05-25T14:58:44.998037+00:00,paper or final artifact generation,False,not_neural_or_mixed
outputs/audit/neural_artifact_provenance.csv,result_table,15df2b822d98e53e54d3b56e90cddda809de6b1f59b0f52c0975e3b49cf13891,52879,2026-05-31T16:20:48.301636+00:00,paper or final artifact generation,False,not_neural_or_mixed
outputs/audit/prediction_schema_report.md,audit_report,5edd5e849e1b16751a86ab2372818433a253c76b6494bb621ba506568ecc7dec,1466,2026-05-25T16:35:28.519022+00:00,paper or final artifact generation,False,not_neural_or_mixed
outputs/audit/refit_failure_taxonomy.csv,result_table,a45d75199c334543554a973f12f347ce10320f730bcd3391d76603edfa04c9f0,3776,2026-05-31T16:39:13.389476+00:00,paper or final artifact generation,False,not_neural_or_mixed
outputs/audit/robustness_report.md,audit_report,d8ae4bb0e130c903151b046783461fa99b3f846cbb1a54e5ff466dc286d2ed22,2272,2026-05-25T14:56:58.699195+00:00,paper or final artifact generation,False,not_neural_or_mixed
outputs/audit/statistical_tests_report.md,audit_report,d41c6f7b918af01dd42c25c2fd20505ebca8ada039edd76b29e3524f4360d818,2445,2026-05-25T14:56:53.082456+00:00,paper or final artifact generation,False,not_neural_or_mixed
outputs/final/arch_lm_diagnostics.csv,result_table,8d0c6d409a41e2e7c255c037c3b309b11634629d5c78f3dacee8635f2fde0954,406,2026-05-31T16:37:56.315542+00:00,src/final_financial_econometrics.py or src/completion_extensions.py,False,not_neural_or_mixed
outputs/final/common_distribution_var_es_all_models.csv,result_table,896420ba6e2926f4207fabfe5dae761eab253f2d672755f1308a69426f4960bc,19504,2026-05-31T16:39:13.023474+00:00,src/completion_extensions.py,False,not_neural_or_mixed
outputs/final/common_window_dm_tests.csv,result_table,363efe981fedf36387b78420b6bc5a909b048d3455c442df15a9757ca9a466d0,7032,2026-05-31T16:37:58.793944+00:00,src/final_financial_econometrics.py or src/completion_extensions.py,False,not_neural_or_mixed
outputs/final/common_window_master_results.csv,result_table,92531787e64ea7a35526511a7b320c57bf8807a943cde6070298c55a8b49bd68,5306,2026-05-31T16:37:59.506981+00:00,src/final_financial_econometrics.py or src/completion_extensions.py,False,not_neural_or_mixed
outputs/final/common_window_predictions.csv,prediction,54630f170903e2bef3cabec931b8a1e71aa51e53b48c0c3c4a3ba4f8a6e562f6,1725975,2026-05-31T16:37:59.505981+00:00,src/final_financial_econometrics.py or src/completion_extensions.py,False,not_neural_or_mixed
outputs/final/common_window_predictions.parquet,columnar_prediction_or_result,638e78d74cd39c8bcc8e73c6665ceae10d3794964c3411028a2f386b3ad66d7a,136834,2026-05-31T16:37:59.469981+00:00,src/final_financial_econometrics.py or src/completion_extensions.py,False,not_neural_or_mixed
outputs/final/common_window_regime_metrics.csv,result_table,40336a272928e80cce3b28bc63537020ecc3290861f5e99cdf15e70ab1559a55,9018,2026-05-31T16:37:58.829044+00:00,src/final_financial_econometrics.py or src/completion_extensions.py,False,not_neural_or_mixed
outputs/final/common_window_spike_diagnostics.csv,result_table,f7d3443f0c5ee8ed770b107f00e491d608d419ed744280b2127f98e1639924cd,1949,2026-05-31T16:37:58.829555+00:00,src/final_financial_econometrics.py or src/completion_extensions.py,False,not_neural_or_mixed
outputs/final/common_window_var_backtests.csv,result_table,2c4aa85d37097f6aeb6d6c0e7bb58b6f55a358cc6c80f67635f0fd1f9696d1c5,10158,2026-05-31T16:37:58.861816+00:00,src/final_financial_econometrics.py or src/completion_extensions.py,False,not_neural_or_mixed
outputs/final/daily_proxy_robustness_metrics.csv,result_table,5e429226f66a23c13a46d50f5e1057899f5757ce291b9686b87b593775ec3e59,11996,2026-05-31T16:37:58.939978+00:00,src/final_financial_econometrics.py or src/completion_extensions.py,False,not_neural_or_mixed
outputs/final/garch_parameter_diagnostics.csv,result_table,93171d5d3d11edc69845d8323b1a7afd75e7138adc0604326d63249a3d4c4cdc,5396,2026-05-31T16:37:58.642976+00:00,src/final_financial_econometrics.py or src/completion_extensions.py,False,not_neural_or_mixed
outputs/final/garch_residual_diagnostics.csv,result_table,e48d136a364f29750ef5122c62a2189335ba5361dea2e1c634caa8368c583b28,3467,2026-05-31T16:37:58.643762+00:00,src/final_financial_econometrics.py or src/completion_extensions.py,False,not_neural_or_mixed
outputs/final/ljung_box_diagnostics.csv,result_table,d0b31b77046ca493439f25ceff3e725cab526ab0eaf65fe456a3b6f6525be914,696,2026-05-31T16:37:56.309960+00:00,src/final_financial_econometrics.py or src/completion_extensions.py,False,not_neural_or_mixed
outputs/final/model_specific_var_es_garch.csv,result_table,eb74f5a25cdb077576294e573150036c9cd7562f7ed7a4bdeced05b108135c6b,3906,2026-05-31T16:39:13.046049+00:00,src/completion_extensions.py,False,not_neural_or_mixed
outputs/final/neural_retraining_comparison.csv,result_table,596ae8d8608b0f726a07e1192f24dbaeddc7807aa9032c7fafb5174fac64f355,4224,2026-05-31T16:39:12.678035+00:00,src/final_financial_econometrics.py or src/completion_extensions.py,False,not_neural_or_mixed
outputs/final/neural_seed_robustness.csv,result_table,b77d885474219f5feacc4ce8ed537719542af45c35dcc263d07b914409f5a98e,1354,2026-05-31T16:39:12.679527+00:00,src/final_financial_econometrics.py or src/completion_extensions.py,False,not_neural_or_mixed
outputs/final/online_combination_results.csv,result_table,0e6c41d438af23b5c3f9bcf4ac0a7c293a356dacdde6ee32152982201c4f75ea,99,2026-05-31T16:39:12.534139+00:00,src/final_financial_econometrics.py or src/completion_extensions.py,False,not_neural_or_mixed
outputs/final/primary_model_inventory.csv,result_table,28b76b9c471a9eaaee79c751c650816d2987f6027d27b73fc78f55293f8a7898,1829,2026-05-31T16:37:59.507835+00:00,src/final_financial_econometrics.py or src/completion_extensions.py,False,not_neural_or_mixed
outputs/final/primary_results_corrected_neural.csv,result_table,835b39102677c6c039cf067098dca7be31533073542e1a91e3a25c6683031427,5295,2026-05-31T16:39:13.393079+00:00,src/final_financial_econometrics.py or src/completion_extensions.py,False,not_neural_or_mixed
outputs/final/proxy_invalid_rows.csv,result_table,ad44f4ae276b0a003b342841011640b0babc64878d52aa8eef09503d2c740e5e,1058,2026-05-31T16:37:58.897435+00:00,src/final_financial_econometrics.py or src/completion_extensions.py,False,not_neural_or_mixed
outputs/final/refit_protocol_diagnostics.csv,result_table,e29c26475f13b690cacbea36c60b263d682929a189cb54ed4e7f6c833c9ea918,66374,2026-05-31T16:39:11.033460+00:00,src/final_financial_econometrics.py or src/completion_extensions.py,False,not_neural_or_mixed
outputs/final/refit_protocol_predictions.csv,prediction,0b4dcb4efdb4b255550c48d243f78e4bb710bfff229ecdbe5724a63d352b1488,846584,2026-05-31T16:39:11.030460+00:00,src/final_financial_econometrics.py or src/completion_extensions.py,False,not_neural_or_mixed
outputs/final/refit_protocol_predictions.parquet,columnar_prediction_or_result,da7fec46e4d28ffedbd065e3d4abb4a96a6c404f58d2c7edc3b7766e24aa6516,118936,2026-05-31T16:39:11.008460+00:00,src/final_financial_econometrics.py or src/completion_extensions.py,False,not_neural_or_mixed
outputs/final/refit_protocol_results.csv,result_table,31511adc12761f844429e7adb6830335cc98d996645c977120bea4ff3e0138c5,4700,2026-05-31T16:39:11.031460+00:00,src/final_financial_econometrics.py or src/completion_extensions.py,False,not_neural_or_mixed
outputs/final/regime_aware_combination_predictions.csv,prediction,34cea9057fe6668f0a1a26d9c08ef975f3e7960c87c872a17e5a0a286a0b089c,139853,2026-05-31T16:39:12.531471+00:00,src/completion_extensions.py,False,not_neural_or_mixed
outputs/final/regime_aware_combination_predictions.parquet,columnar_prediction_or_result,3fe1b470cdac4517b1f1ac61f1177975ac4003269f10c154f2f3057e614043f0,70752,2026-05-31T16:39:12.527273+00:00,src/completion_extensions.py,False,not_neural_or_mixed
outputs/final/regime_aware_combination_results.csv,result_table,231cd75307f6e7d9eb2c045ba2fd1d7684157dcd948f6004a360e055e2928bed,858,2026-05-31T16:39:12.533032+00:00,src/completion_extensions.py,False,not_neural_or_mixed
outputs/final/regime_aware_combination_validation_candidates.csv,result_table,efca5251dfcde56eb04c7f9fc8594225e50cf6e238fe100e3298d94755839df7,305,2026-05-31T16:39:12.533281+00:00,src/completion_extensions.py,False,not_neural_or_mixed
outputs/final/regime_spike_results_corrected_neural.csv,result_table,333ae5b798bd7baaec6f75c1701ab64579dfd9f6a5e3cf3ff7b7f42fa35f8445,5438,2026-05-31T16:39:13.384702+00:00,src/final_financial_econometrics.py or src/completion_extensions.py,False,not_neural_or_mixed
outputs/final/return_descriptive_statistics.csv,result_table,80e1d72c2a54824c9c3ee4ab023825178f4f5a9b6cb6388f8b58f3d04dc47533,248,2026-05-31T16:37:56.305125+00:00,src/final_financial_econometrics.py or src/completion_extensions.py,False,not_neural_or_mixed
outputs/final/rolling_proxy_sensitivity_metrics.csv,result_table,f1e7ea65174338d4c3174a57b1636e218fa5c088799e73d0574a20c526d5858c,9170,2026-05-31T16:37:58.940978+00:00,src/final_financial_econometrics.py or src/completion_extensions.py,False,not_neural_or_mixed
outputs/final/static_combination_corrected_neural.csv,result_table,e6dd1ce862793f84f47498d66b12a137ac6b87d76be18cd285c20596dcdfef12,782,2026-05-31T16:39:12.519665+00:00,src/final_financial_econometrics.py or src/completion_extensions.py,False,not_neural_or_mixed
outputs/final/static_combination_corrected_neural_predictions.csv,prediction,b9c287b1daec6c780cba4a11ee528bd8a39b1f1986116134e9c52a5db3126ce0,211639,2026-05-31T16:39:12.517470+00:00,src/final_financial_econometrics.py or src/completion_extensions.py,False,not_neural_or_mixed
outputs/neural_corrected_context_v2/figures/fig_lstm_base_loss.png,figure,7c93eba00d7d768ac3776eae2e25b38366dbb975576c471ac179b7fee333b097,87413,2026-05-31T16:23:41.850268+00:00,src/train_lstm_hybrid.py or src/tune_lstm_hybrid.py,False,post_sequence_context_fix
outputs/neural_corrected_context_v2/figures/fig_lstm_hybrid_loss.png,figure,87449c7d4d19573d36c2c25358ee176c2268fae5c55967d92f9648ac8e3cd92a,100680,2026-05-31T16:23:48.999250+00:00,src/train_lstm_hybrid.py or src/tune_lstm_hybrid.py,False,post_sequence_context_fix
outputs/neural_corrected_context_v2/figures/lstm_tuned/fig_loss_hybrid_logtarget.png,figure,5117370259aef3b07b02908bd54daa1c72a3c1264f264193eb8497197530bfdc,137811,2026-05-31T16:24:16.866187+00:00,src/train_lstm_hybrid.py or src/tune_lstm_hybrid.py,False,post_sequence_context_fix
outputs/neural_corrected_context_v2/figures/lstm_tuned/fig_loss_hybrid_logtarget_small.png,figure,a2d7a7f3242bbb6634a7192e4214659561b062bbc014bc48e05d7e1e93388ec4,134315,2026-05-31T16:24:48.789136+00:00,src/train_lstm_hybrid.py or src/tune_lstm_hybrid.py,False,post_sequence_context_fix
outputs/neural_corrected_context_v2/figures/lstm_tuned/fig_loss_hybrid_qlike.png,figure,670ae14436d91c7f4ed8d2562979b536ebdad48ef302d318ab6abccfc5d4a37a,101489,2026-05-31T16:24:35.154464+00:00,src/train_lstm_hybrid.py or src/tune_lstm_hybrid.py,False,post_sequence_context_fix
outputs/neural_corrected_context_v2/figures/lstm_tuned/fig_loss_lstm_logtarget.png,figure,d87fc725f973f2d2180b17468f81f653b857d52585f002bb616a2e1cb60b439d,125446,2026-05-31T16:24:06.815208+00:00,src/train_lstm_hybrid.py or src/tune_lstm_hybrid.py,False,post_sequence_context_fix
outputs/neural_corrected_context_v2/figures/lstm_tuned/fig_loss_lstm_logtarget_small.png,figure,f5ccf78387c57e89789d09774629372a582478a484985a68621d70acea4c8288,123861,2026-05-31T16:24:41.810145+00:00,src/train_lstm_hybrid.py or src/tune_lstm_hybrid.py,False,post_sequence_context_fix
outputs/neural_corrected_context_v2/figures/lstm_tuned/fig_loss_lstm_qlike.png,figure,65ee7b5c359e81094c24e621faa644e5a0e9d9c9d72320b3e1bd6ef136fe8da4,105272,2026-05-31T16:24:26.270170+00:00,src/train_lstm_hybrid.py or src/tune_lstm_hybrid.py,False,post_sequence_context_fix
outputs/neural_corrected_context_v2/figures/lstm_tuned/fig_lstm_tuned_qlike_comparison.png,figure,2ef16acf1c6c1515d0f9351b06d7c1d05aeb3b64e2c24ce336031e9e57db4c90,178553,2026-05-31T16:24:49.237135+00:00,src/train_lstm_hybrid.py or src/tune_lstm_hybrid.py,False,post_sequence_context_fix
outputs/neural_corrected_context_v2/metrics/lstm_base_training_history.csv,result_table,31f6def133455469523bf693ddeefba095192e7384774a756f44d56d2270940f,866,2026-05-31T16:23:41.697269+00:00,src/train_lstm_hybrid.py or src/tune_lstm_hybrid.py,False,post_sequence_context_fix
outputs/neural_corrected_context_v2/metrics/lstm_feature_summary.csv,result_table,28426bdb2876a52a16d9e7379712bb2fbb5b05d37faa4ee348a53140911486ae,480,2026-05-31T16:23:49.358370+00:00,src/train_lstm_hybrid.py or src/tune_lstm_hybrid.py,False,post_sequence_context_fix
outputs/neural_corrected_context_v2/metrics/lstm_hybrid_training_history.csv,result_table,ba90e3d4841829029363ae1be485bc95438005961d6967367fc9dc3f3f771227,944,2026-05-31T16:23:48.849008+00:00,src/train_lstm_hybrid.py or src/tune_lstm_hybrid.py,False,post_sequence_context_fix
outputs/neural_corrected_context_v2/metrics/lstm_metrics.csv,result_table,aa92c9054a6cf3e34c9af26c2934471034f76c3ee7733e3d2cabf68585659b80,605,2026-05-31T16:23:49.355249+00:00,src/train_lstm_hybrid.py or src/tune_lstm_hybrid.py,False,post_sequence_context_fix
outputs/neural_corrected_context_v2/metrics/lstm_metrics_test_only.csv,result_table,88f159c8ff55e5e0d335320e2bfaf757ec036fe42c1c20ffdd41880645522ec6,331,2026-05-31T16:23:49.357676+00:00,src/train_lstm_hybrid.py or src/tune_lstm_hybrid.py,False,post_sequence_context_fix
outputs/neural_corrected_context_v2/metrics/lstm_tuned/history_hybrid_logtarget.csv,result_table,7f13083ba25a2b50c5e5327378acaeac44d0d0952680d80adfb9d94a6b224021,1699,2026-05-31T16:24:16.704134+00:00,src/train_lstm_hybrid.py or src/tune_lstm_hybrid.py,False,post_sequence_context_fix
outputs/neural_corrected_context_v2/metrics/lstm_tuned/history_hybrid_logtarget_small.csv,result_table,ff655e3e92e2ec6e482ede2376c715b171be3eff874b382792c7225cc4849bd0,1904,2026-05-31T16:24:48.641136+00:00,src/train_lstm_hybrid.py or src/tune_lstm_hybrid.py,False,post_sequence_context_fix
outputs/neural_corrected_context_v2/metrics/lstm_tuned/history_hybrid_qlike.csv,result_table,94c473426fc9fe0dc7c75b3adaab1dcc7e94d3e2d128db96a5511f78f51afe1c,1618,2026-05-31T16:24:35.004155+00:00,src/train_lstm_hybrid.py or src/tune_lstm_hybrid.py,False,post_sequence_context_fix
outputs/neural_corrected_context_v2/metrics/lstm_tuned/history_lstm_logtarget.csv,result_table,508ea9599ce094fda05c656cd9dcd3eff68fb42e79e426d9cf3db2e5bb478937,2194,2026-05-31T16:24:06.629022+00:00,src/train_lstm_hybrid.py or src/tune_lstm_hybrid.py,False,post_sequence_context_fix
outputs/neural_corrected_context_v2/metrics/lstm_tuned/history_lstm_logtarget_small.csv,result_table,dfce3113e469250b663f38568b61a1db85ce1778f7515f1eca999b4c85add971,1602,2026-05-31T16:24:41.649687+00:00,src/train_lstm_hybrid.py or src/tune_lstm_hybrid.py,False,post_sequence_context_fix
outputs/neural_corrected_context_v2/metrics/lstm_tuned/history_lstm_qlike.csv,result_table,b1edd64a9884d0979654babb895ad81441f98619ede514b50ea7c5046ecb35cd,1616,2026-05-31T16:24:26.111710+00:00,src/train_lstm_hybrid.py or src/tune_lstm_hybrid.py,False,post_sequence_context_fix
outputs/neural_corrected_context_v2/metrics/lstm_tuned/lstm_tuned_failed_variants.csv,result_table,c5db531cd919c3845dd2ec82d84dc355bdb8ff15b7a93cbcf9ad487970eaacd5,61,2026-05-31T16:24:49.056548+00:00,src/train_lstm_hybrid.py or src/tune_lstm_hybrid.py,False,post_sequence_context_fix
outputs/neural_corrected_context_v2/metrics/lstm_tuned/lstm_tuned_metrics.csv,result_table,b6255912a01b066ae2bb95624259bab7e835bbe0d900eff079e2ebe4da5c409c,1761,2026-05-31T16:24:49.057135+00:00,src/train_lstm_hybrid.py or src/tune_lstm_hybrid.py,False,post_sequence_context_fix
outputs/neural_corrected_context_v2/metrics/lstm_tuned/lstm_tuned_metrics_test_only.csv,result_table,ab57e625d3ea4d46e938fefdacb92f43c3153d4b010379a792f451894d8ca604,900,2026-05-31T16:24:49.059025+00:00,src/train_lstm_hybrid.py or src/tune_lstm_hybrid.py,False,post_sequence_context_fix
outputs/neural_corrected_context_v2/metrics/lstm_tuned/lstm_tuned_selection_summary.csv,result_table,0b63f03940e1ee0e3bbe8e14d741fa4634497a61691b45c760c39b4b6bc10ce2,2317,2026-05-31T16:24:49.065135+00:00,src/train_lstm_hybrid.py or src/tune_lstm_hybrid.py,False,post_sequence_context_fix
outputs/neural_corrected_context_v2/models/lstm_base.keras,model_artifact,a264599adfb2ac23134084f6fc7ce4360c4d32f0629ae65af5c86e9029aca38d,280884,2026-05-31T16:23:42.139268+00:00,src/train_lstm_hybrid.py or src/tune_lstm_hybrid.py,False,post_sequence_context_fix
outputs/neural_corrected_context_v2/models/lstm_base_features.txt,artifact,39154c5bfb2210721c28e7716c7acc5f990847c39db88264499a66f31ee1f59b,106,2026-05-31T16:23:42.141079+00:00,src/train_lstm_hybrid.py or src/tune_lstm_hybrid.py,False,post_sequence_context_fix
outputs/neural_corrected_context_v2/models/lstm_base_imputer_values.json,artifact,17f200c167d737638f74e7266c44cbeea3e47d44175683b19a145ed2303a4cde,288,2026-05-31T16:23:42.141138+00:00,src/train_lstm_hybrid.py or src/tune_lstm_hybrid.py,False,post_sequence_context_fix
outputs/neural_corrected_context_v2/models/lstm_base_scaler.pkl,model_artifact,7733f8b1b3e69a488b2728959f258548d9b9f6c7840cf294513b46092ee968ac,775,2026-05-31T16:23:42.141012+00:00,src/train_lstm_hybrid.py or src/tune_lstm_hybrid.py,False,post_sequence_context_fix
outputs/neural_corrected_context_v2/models/lstm_hybrid.keras,model_artifact,ef58a3d2227fe4872265bc8e3e59c9593f558706f5e8144c726b728d59f8f2a9,299330,2026-05-31T16:23:49.351249+00:00,src/train_lstm_hybrid.py or src/tune_lstm_hybrid.py,False,post_sequence_context_fix
outputs/neural_corrected_context_v2/models/lstm_hybrid_features.txt,artifact,abb06c447244c68d327a81630aaabb0c79f11be41e0d8d843e948258531fe037,218,2026-05-31T16:23:49.352981+00:00,src/train_lstm_hybrid.py or src/tune_lstm_hybrid.py,False,post_sequence_context_fix
outputs/neural_corrected_context_v2/models/lstm_hybrid_imputer_values.json,artifact,e5395df232a9813827fda9965aa48e4ef41c56089faefdcf7d058601f5f529eb,549,2026-05-31T16:23:49.353040+00:00,src/train_lstm_hybrid.py or src/tune_lstm_hybrid.py,False,post_sequence_context_fix
outputs/neural_corrected_context_v2/models/lstm_hybrid_scaler.pkl,model_artifact,a4a2b47a2a188194e2a4259a5d1e4a792dbc9e37b1997e0771a44b66ed59d682,919,2026-05-31T16:23:49.352918+00:00,src/train_lstm_hybrid.py or src/tune_lstm_hybrid.py,False,post_sequence_context_fix
outputs/neural_corrected_context_v2/models/lstm_tuned/features_hybrid_logtarget.txt,artifact,abb06c447244c68d327a81630aaabb0c79f11be41e0d8d843e948258531fe037,218,2026-05-31T16:24:17.168603+00:00,src/train_lstm_hybrid.py or src/tune_lstm_hybrid.py,False,post_sequence_context_fix
outputs/neural_corrected_context_v2/models/lstm_tuned/features_hybrid_logtarget_small.txt,artifact,abb06c447244c68d327a81630aaabb0c79f11be41e0d8d843e948258531fe037,218,2026-05-31T16:24:49.053643+00:00,src/train_lstm_hybrid.py or src/tune_lstm_hybrid.py,False,post_sequence_context_fix
outputs/neural_corrected_context_v2/models/lstm_tuned/features_hybrid_qlike.txt,artifact,abb06c447244c68d327a81630aaabb0c79f11be41e0d8d843e948258531fe037,218,2026-05-31T16:24:35.500054+00:00,src/train_lstm_hybrid.py or src/tune_lstm_hybrid.py,False,post_sequence_context_fix
outputs/neural_corrected_context_v2/models/lstm_tuned/features_lstm_logtarget.txt,artifact,39154c5bfb2210721c28e7716c7acc5f990847c39db88264499a66f31ee1f59b,106,2026-05-31T16:24:07.177374+00:00,src/train_lstm_hybrid.py or src/tune_lstm_hybrid.py,False,post_sequence_context_fix
outputs/neural_corrected_context_v2/models/lstm_tuned/features_lstm_logtarget_small.txt,artifact,39154c5bfb2210721c28e7716c7acc5f990847c39db88264499a66f31ee1f59b,106,2026-05-31T16:24:42.131569+00:00,src/train_lstm_hybrid.py or src/tune_lstm_hybrid.py,False,post_sequence_context_fix
outputs/neural_corrected_context_v2/models/lstm_tuned/features_lstm_qlike.txt,artifact,39154c5bfb2210721c28e7716c7acc5f990847c39db88264499a66f31ee1f59b,106,2026-05-31T16:24:26.649535+00:00,src/train_lstm_hybrid.py or src/tune_lstm_hybrid.py,False,post_sequence_context_fix
outputs/neural_corrected_context_v2/models/lstm_tuned/imputer_hybrid_logtarget.pkl,model_artifact,c88eb08ace5c8d090689dd51b1fe875ccba227cec2136705a7592e601a7d2cac,1111,2026-05-31T16:24:17.168562+00:00,src/train_lstm_hybrid.py or src/tune_lstm_hybrid.py,False,post_sequence_context_fix
outputs/neural_corrected_context_v2/models/lstm_tuned/imputer_hybrid_logtarget_small.pkl,model_artifact,c88eb08ace5c8d090689dd51b1fe875ccba227cec2136705a7592e601a7d2cac,1111,2026-05-31T16:24:49.053603+00:00,src/train_lstm_hybrid.py or src/tune_lstm_hybrid.py,False,post_sequence_context_fix
outputs/neural_corrected_context_v2/models/lstm_tuned/imputer_hybrid_qlike.pkl,model_artifact,c88eb08ace5c8d090689dd51b1fe875ccba227cec2136705a7592e601a7d2cac,1111,2026-05-31T16:24:35.500016+00:00,src/train_lstm_hybrid.py or src/tune_lstm_hybrid.py,False,post_sequence_context_fix
outputs/neural_corrected_context_v2/models/lstm_tuned/imputer_lstm_logtarget.pkl,model_artifact,b2257c6f4c8a1c058fab770f531bfb4b8fc5a1845d3c6eb0f2599cac5bdf8385,935,2026-05-31T16:24:07.177283+00:00,src/train_lstm_hybrid.py or src/tune_lstm_hybrid.py,False,post_sequence_context_fix
outputs/neural_corrected_context_v2/models/lstm_tuned/imputer_lstm_logtarget_small.pkl,model_artifact,b2257c6f4c8a1c058fab770f531bfb4b8fc5a1845d3c6eb0f2599cac5bdf8385,935,2026-05-31T16:24:42.131528+00:00,src/train_lstm_hybrid.py or src/tune_lstm_hybrid.py,False,post_sequence_context_fix
outputs/neural_corrected_context_v2/models/lstm_tuned/imputer_lstm_qlike.pkl,model_artifact,b2257c6f4c8a1c058fab770f531bfb4b8fc5a1845d3c6eb0f2599cac5bdf8385,935,2026-05-31T16:24:26.649485+00:00,src/train_lstm_hybrid.py or src/tune_lstm_hybrid.py,False,post_sequence_context_fix
outputs/neural_corrected_context_v2/models/lstm_tuned/model_hybrid_logtarget.keras,model_artifact,67a2e2d1b327960dd69ec94f6d58a6f4b55e8aea72e67c141909f53eb5c0ec4e,299478,2026-05-31T16:24:17.166187+00:00,src/train_lstm_hybrid.py or src/tune_lstm_hybrid.py,False,post_sequence_context_fix
outputs/neural_corrected_context_v2/models/lstm_tuned/model_hybrid_logtarget_small.keras,model_artifact,6d2f0bd4e04caf024819f79b0755a2353d4f0024f124a2a475b77cb89ff1a99c,110166,2026-05-31T16:24:49.052135+00:00,src/train_lstm_hybrid.py or src/tune_lstm_hybrid.py,False,post_sequence_context_fix
outputs/neural_corrected_context_v2/models/lstm_tuned/model_hybrid_qlike.keras,model_artifact,f5b2eddf02502e29d9f06a82f5dca1702ccc5933ef8055de65c5e5f1455c87c8,299585,2026-05-31T16:24:35.498155+00:00,src/train_lstm_hybrid.py or src/tune_lstm_hybrid.py,False,post_sequence_context_fix
outputs/neural_corrected_context_v2/models/lstm_tuned/model_lstm_logtarget.keras,model_artifact,3cad82716eaa03816ce8eb834a92e8f62cc66935f9dbf45480a5199a5b921dd8,281041,2026-05-31T16:24:07.174207+00:00,src/train_lstm_hybrid.py or src/tune_lstm_hybrid.py,False,post_sequence_context_fix
outputs/neural_corrected_context_v2/models/lstm_tuned/model_lstm_logtarget_small.keras,model_artifact,5160857026af934385cc3db8e627738a48a73fc11441e4369d5c438c6c9ca4b0,100946,2026-05-31T16:24:42.129145+00:00,src/train_lstm_hybrid.py or src/tune_lstm_hybrid.py,False,post_sequence_context_fix
outputs/neural_corrected_context_v2/models/lstm_tuned/model_lstm_qlike.keras,model_artifact,1472aa3bdf0f53b1112aedb051f91558558cc3e38711078d7eca4afcda837245,281149,2026-05-31T16:24:26.647169+00:00,src/train_lstm_hybrid.py or src/tune_lstm_hybrid.py,False,post_sequence_context_fix
outputs/neural_corrected_context_v2/models/lstm_tuned/scaler_hybrid_logtarget.pkl,model_artifact,a4a2b47a2a188194e2a4259a5d1e4a792dbc9e37b1997e0771a44b66ed59d682,919,2026-05-31T16:24:17.167187+00:00,src/train_lstm_hybrid.py or src/tune_lstm_hybrid.py,False,post_sequence_context_fix
outputs/neural_corrected_context_v2/models/lstm_tuned/scaler_hybrid_logtarget_small.pkl,model_artifact,a4a2b47a2a188194e2a4259a5d1e4a792dbc9e37b1997e0771a44b66ed59d682,919,2026-05-31T16:24:49.053396+00:00,src/train_lstm_hybrid.py or src/tune_lstm_hybrid.py,False,post_sequence_context_fix
outputs/neural_corrected_context_v2/models/lstm_tuned/scaler_hybrid_qlike.pkl,model_artifact,a4a2b47a2a188194e2a4259a5d1e4a792dbc9e37b1997e0771a44b66ed59d682,919,2026-05-31T16:24:35.499807+00:00,src/train_lstm_hybrid.py or src/tune_lstm_hybrid.py,False,post_sequence_context_fix
outputs/neural_corrected_context_v2/models/lstm_tuned/scaler_lstm_logtarget.pkl,model_artifact,7733f8b1b3e69a488b2728959f258548d9b9f6c7840cf294513b46092ee968ac,775,2026-05-31T16:24:07.176817+00:00,src/train_lstm_hybrid.py or src/tune_lstm_hybrid.py,False,post_sequence_context_fix
outputs/neural_corrected_context_v2/models/lstm_tuned/scaler_lstm_logtarget_small.pkl,model_artifact,7733f8b1b3e69a488b2728959f258548d9b9f6c7840cf294513b46092ee968ac,775,2026-05-31T16:24:42.131145+00:00,src/train_lstm_hybrid.py or src/tune_lstm_hybrid.py,False,post_sequence_context_fix
outputs/neural_corrected_context_v2/models/lstm_tuned/scaler_lstm_qlike.pkl,model_artifact,7733f8b1b3e69a488b2728959f258548d9b9f6c7840cf294513b46092ee968ac,775,2026-05-31T16:24:26.648169+00:00,src/train_lstm_hybrid.py or src/tune_lstm_hybrid.py,False,post_sequence_context_fix
outputs/neural_corrected_context_v2/predictions/lstm_tuned/pred_hybrid_logtarget.csv,prediction,7139961c8093ecaf2bca9cab759268010bb3df54b9831311615547e447aa2316,129245,2026-05-31T16:24:17.146187+00:00,src/train_lstm_hybrid.py or src/tune_lstm_hybrid.py,False,post_sequence_context_fix
outputs/neural_corrected_context_v2/predictions/lstm_tuned/pred_hybrid_logtarget_small.csv,prediction,66a8daa5470d6f572d3a3668c0146f6aa546826186b0b4e8d5a62aa663a6db1b,138214,2026-05-31T16:24:49.037135+00:00,src/train_lstm_hybrid.py or src/tune_lstm_hybrid.py,False,post_sequence_context_fix
outputs/neural_corrected_context_v2/predictions/lstm_tuned/pred_hybrid_qlike.csv,prediction,4806e3783c0ef69581ca6bf5c7929113d16631807dc19fb84a95a7723863455d,121814,2026-05-31T16:24:35.481155+00:00,src/train_lstm_hybrid.py or src/tune_lstm_hybrid.py,False,post_sequence_context_fix
outputs/neural_corrected_context_v2/predictions/lstm_tuned/pred_lstm_logtarget.csv,prediction,b412fdb445b50e82dab7d55f65b91098712b326f1b3f3259a8d151ba99de99f0,126248,2026-05-31T16:24:07.152207+00:00,src/train_lstm_hybrid.py or src/tune_lstm_hybrid.py,False,post_sequence_context_fix
outputs/neural_corrected_context_v2/predictions/lstm_tuned/pred_lstm_logtarget_small.csv,prediction,5bdb3c447eef19e40c63e80532ca720ba10c9bb88156b5a63de28d181972cca0,135243,2026-05-31T16:24:42.107145+00:00,src/train_lstm_hybrid.py or src/tune_lstm_hybrid.py,False,post_sequence_context_fix
outputs/neural_corrected_context_v2/predictions/lstm_tuned/pred_lstm_qlike.csv,prediction,2e2d7308125a5a6e0984a5a2ddc617c708ef272ef0497d93bb2dabc76c0886c0,118879,2026-05-31T16:24:26.629169+00:00,src/train_lstm_hybrid.py or src/tune_lstm_hybrid.py,False,post_sequence_context_fix
outputs/neural_corrected_context_v2/predictions/pred_lstm_base.csv,prediction,bff72de946d895912c0893680c539a3efe986231ed5151bc461842d8db2ed19a,109872,2026-05-31T16:23:42.122268+00:00,src/train_lstm_hybrid.py or src/tune_lstm_hybrid.py,False,post_sequence_context_fix
outputs/neural_corrected_context_v2/predictions/pred_lstm_hybrid.csv,prediction,9893f58588e800478b9e65283ec4d3cf058202832c6af841c3c685bb940aa815,127827,2026-05-31T16:23:49.333249+00:00,src/train_lstm_hybrid.py or src/tune_lstm_hybrid.py,False,post_sequence_context_fix
paper/figures/fig_actual_vs_predicted_test_common_zoom.png,figure,7821b38c4daace3e326e3f3969a7bef2953188c55d2abed1bb0df90ea88f7bc3,368141,2026-05-24T21:24:24.329616+00:00,paper or final artifact generation,True,not_neural_or_mixed
paper/figures/fig_common_window_master_qlike.png,figure,dca4c680be1a4b8dce5b450300792d954423d32d579313987181395ce04e01f9,158322,2026-05-31T16:37:59.658982+00:00,paper or final artifact generation,True,not_neural_or_mixed
paper/figures/fig_daily_proxy_rank_heatmap_primary.png,figure,76f89c39fd03ba8df7ff4c60167747618f70ae27f3aab4e0217ba7a4614f278e,200412,2026-05-31T16:37:59.166979+00:00,paper or final artifact generation,True,not_neural_or_mixed
paper/figures/fig_garch_residual_diagnostics.png,figure,4b95f22f2fbc13c42ae4a43028a564f57284ded4271b3d3926f5f74ba93815a2,109295,2026-05-31T16:37:58.733976+00:00,paper or final artifact generation,True,not_neural_or_mixed
paper/figures/fig_lstm_tuned_qlike_comparison.png,figure,0e95cd1666dfed604d4d0d5aa31192379318c7983324a2c5b60b10896b500cbb,178366,2026-05-24T21:24:24.330708+00:00,paper or final artifact generation,True,not_neural_or_mixed
paper/figures/fig_proxy_correlation_heatmap.png,figure,f2debaf6728745bb5789e788e21d7fb30ccb01a5e012e36a2b115f4a318cd8d0,262940,2026-05-25T16:27:20.384963+00:00,paper or final artifact generation,True,not_neural_or_mixed
paper/figures/fig_proxy_ranking_heatmap.png,figure,a6b91575f5bf226b02523f0360b1a348eb95617f8639c07f5c39005bf49ce622,495644,2026-05-25T16:27:20.386187+00:00,paper or final artifact generation,True,not_neural_or_mixed
paper/figures/fig_qlike_comparison_common_test.png,figure,868fdddefa2dbdaba03056137d775e957ca50ad2bf7f6a7326d5a1ceeec346b7,227741,2026-05-24T21:24:24.328440+00:00,paper or final artifact generation,True,not_neural_or_mixed
paper/figures/fig_refit_protocol_qlike.png,figure,1a2eeb18e220173637c9f617f247126455c2c091761d5f94ea5464525c39b69b,154761,2026-05-31T16:39:11.157461+00:00,paper or final artifact generation,True,not_neural_or_mixed
paper/figures/fig_regime_aware_weights_or_performance.png,figure,9ec2c322ff4d5ce3096c394a03fe69a8526f72441024a088f55d1734f535796f,62545,2026-05-31T16:39:12.621471+00:00,src/completion_extensions.py,True,not_neural_or_mixed
paper/figures/fig_return_acf_diagnostics.png,figure,923af2b2e801387bc2d04f82b869a8be193f255a39c6cff4281eed9a8b93eb8d,79421,2026-05-31T16:37:56.825964+00:00,paper or final artifact generation,True,not_neural_or_mixed
paper/figures/fig_return_descriptive_diagnostics.png,figure,f5dade42ad8aef282fc513b1cf161addc5f924aa36d99fe5ff3f82ee3340d8b3,379151,2026-05-31T16:37:56.644963+00:00,paper or final artifact generation,True,not_neural_or_mixed
paper/figures/fig_rolling_volatility.png,figure,32c9c0ca0d65a94de05ec6eaecdca5d71166225fed7792b1bbb1f9161900ab7d,301767,2026-05-24T21:24:24.327183+00:00,paper or final artifact generation,True,not_neural_or_mixed
paper/figures/fig_squared_return.png,figure,b9a37d25c3228425779c8763742f626d0ad6a8c2c60e9ba66db0bc0c6e1ab8c7,103478,2026-05-25T16:27:20.388974+00:00,paper or final artifact generation,True,not_neural_or_mixed
paper/figures/fig_stage1_neural_spike_failure.png,figure,8f5aeb7aea703814d0de260d52e9176cdca21b0eb7fca38992ecbfae2a3f8389,326102,2026-05-26T15:08:20.756891+00:00,paper or final artifact generation,True,not_neural_or_mixed
paper/figures/fig_stage1_proxy_correlation_heatmap.png,figure,ca2c6188b82843e47a5c8232959d7d23af6406393ecde26fbdeb2705ef3de6b3,262008,2026-05-26T15:08:20.857572+00:00,paper or final artifact generation,True,not_neural_or_mixed
paper/figures/fig_stage1_proxy_rank_heatmap_top_models.png,figure,bb00162c78b1d68a788fe51046a40e5e5140759f135658c3c7aacbf5e912c653,389240,2026-05-26T15:08:20.740670+00:00,paper or final artifact generation,True,not_neural_or_mixed
paper/figures/fig_stage1_regime_qlike_comparison.png,figure,a940ed5418a4f70c869bcd7850a63f06fd36e56548cc40b68a64e1c03b850b00,161099,2026-05-26T15:08:20.738287+00:00,paper or final artifact generation,True,not_neural_or_mixed
paper/figures/fig_stage1_spike_underprediction_comparison.png,figure,8e5f5e0d39db05ff266191e807dc13bba1cd0c9348722f150072f474c22428f0,158150,2026-05-26T15:08:20.754241+00:00,paper or final artifact generation,True,not_neural_or_mixed
paper/figures/fig_stage1_var_exceedances_garch_1_1.png,figure,9e324af37475058da7de8b48789c49a721cb0ca0db48aa557de930119c285b89,465877,2026-05-26T15:08:20.736034+00:00,paper or final artifact generation,True,not_neural_or_mixed
paper/figures/fig_volatility_proxy_timeseries.png,figure,7fafbe2a4986f53f8c127903e5f87fb36d0a0e42ab9f65c73aa3132057ec3525,571498,2026-05-25T16:27:20.387686+00:00,paper or final artifact generation,True,not_neural_or_mixed
paper/tables/advanced_garch_failure_audit.tex,latex_table,7067f31648bb79432f8d19203571862038e0a72a479c5dc5cce3a69147f7a1d6,468,2026-05-31T16:37:56.295287+00:00,paper or final artifact generation,True,not_neural_or_mixed
paper/tables/advanced_garch_selected_models.tex,latex_table,d8c5682c28d114e818e2fc24eeb0b1c7f142a09086730d393d1a0b31f674c779,1212,2026-05-30T13:21:24.015416+00:00,paper or final artifact generation,True,not_neural_or_mixed
paper/tables/advanced_search_audit_summary.tex,latex_table,7d26b5551a5da50135195ed117d2f9f3ace138c56bcd76c2e1067d82afa5c6c5,538,2026-05-30T13:21:24.019417+00:00,paper or final artifact generation,True,not_neural_or_mixed
paper/tables/calibration_combination_summary.tex,latex_table,15b4cfe2292780e704d149a9c194e5eb84993c53fef34a1b83cb04c7bca49ddb,1306,2026-05-30T13:21:24.017416+00:00,paper or final artifact generation,True,not_neural_or_mixed
paper/tables/common_distribution_var_es_full_appendix.tex,latex_table,0df413cb39602ec18ed90f86670d0b82da2cc7c6687a913c06f9b5719a488443,3783,2026-05-31T16:39:13.028658+00:00,src/completion_extensions.py,True,not_neural_or_mixed
paper/tables/common_distribution_var_es_main.tex,latex_table,9f828c4588be85c1917acdfbb43ed152467d6779a3c296fa4aeb95af8b697a04,1426,2026-05-31T16:39:13.026517+00:00,src/completion_extensions.py,True,not_neural_or_mixed
paper/tables/common_window_master_results.tex,latex_table,b27bf2de4d2dfe67592322078a84484ce52394c7918af88b7ca0e31d297cc834,2015,2026-05-31T16:37:59.509617+00:00,paper or final artifact generation,True,not_neural_or_mixed
paper/tables/common_window_spike_diagnostics.tex,latex_table,544a3e281a0b61610b52cd9dc2365fd7188de58ffc0589b025e11a110de3d16b,729,2026-05-31T16:37:58.830968+00:00,paper or final artifact generation,True,not_neural_or_mixed
paper/tables/common_window_var_backtests.tex,latex_table,5ac61b475218d89dc2e5551613e241040c936dbb7f4f49d610e4b3512a68a109,927,2026-05-31T16:37:58.863722+00:00,paper or final artifact generation,True,not_neural_or_mixed
paper/tables/data_splits.tex,latex_table,35df3d91ee639c3a02d96f64df9d2a3a234e2aa8f12ece7f4ce0cc779aabf9fc,891,2026-05-30T13:21:24.018417+00:00,paper or final artifact generation,True,not_neural_or_mixed
paper/tables/garch_parameter_diagnostics.tex,latex_table,db05c75206418c1f8bf83f6bbd585b0fcd06ae01e00727e13306b916cd60ac06,1784,2026-05-31T16:37:58.644985+00:00,paper or final artifact generation,True,not_neural_or_mixed
paper/tables/garch_residual_diagnostics.tex,latex_table,bab5dbe0bd23b9e2f5fc7399cf337ee61d827b0bde4b5a4d633dae4c6f9ca5b8,1917,2026-05-31T16:37:58.647235+00:00,paper or final artifact generation,True,not_neural_or_mixed
paper/tables/model_comparison_common_test.tex,latex_table,77ef8760010ae3daf210e4279833564e6ec3a20dbe9e610a7050feebf5d4a593,1500,2026-05-25T16:29:37.624810+00:00,paper or final artifact generation,True,not_neural_or_mixed
paper/tables/model_specific_var_es_garch.tex,latex_table,8cd864f53d60365b01c1c5281a0099672a047d0cd9c8b8e6f4dd0ba891a6dceb,1071,2026-05-31T16:39:13.047323+00:00,src/completion_extensions.py,True,not_neural_or_mixed
paper/tables/neural_retraining_comparison.tex,latex_table,e0f1016ab3cda45df8a9c21488b55a65cf8248c8d67a17e49e5f3f294bfb6d2a,932,2026-05-31T16:39:12.681071+00:00,paper or final artifact generation,True,not_neural_or_mixed
paper/tables/proxy_robustness_rank_summary.tex,latex_table,b811519024d3c33b36bcbe2be9b2ae2bbb0fe45f095d8b31c554f1413ff71638,1238,2026-05-30T13:21:24.020417+00:00,paper or final artifact generation,True,not_neural_or_mixed
paper/tables/refit_failure_taxonomy.tex,latex_table,a95621e87dee91724d0954ab6cbf335722b759d8e628ff3c5172f0b6fe9ba46d,1804,2026-05-31T16:39:13.391605+00:00,paper or final artifact generation,True,not_neural_or_mixed
paper/tables/refit_protocol_results.tex,latex_table,421dc758b2c3b54f7393644996a1e532dae25aa767ee8b3d93c846951c2c534a,1832,2026-05-31T16:39:11.037873+00:00,paper or final artifact generation,True,not_neural_or_mixed
paper/tables/regime_aware_combination_results.tex,latex_table,7fd7801896071ef41a0bc65d5e6244ce11cd4a7cc3f03b8fc2b6202366989407,518,2026-05-31T16:39:12.536599+00:00,src/completion_extensions.py,True,not_neural_or_mixed
paper/tables/regime_spike_results_corrected_neural.tex,latex_table,17442c6832c815e800bb91023b0e26005eead90d8567b2306517d9b13c9a4534,1288,2026-05-31T16:39:13.386414+00:00,paper or final artifact generation,True,not_neural_or_mixed
paper/tables/return_descriptive_statistics.tex,latex_table,dea81e3844ac8f71197a3ca36f029be8c69e00f9569c79dcd7d55884c97e0609,486,2026-05-31T16:37:56.305351+00:00,paper or final artifact generation,True,not_neural_or_mixed
paper/tables/stage1_benchmark_extensions.tex,latex_table,562ff0a42dcd1d09e44b4a75a3b7ce96af131c5ea71b828f45c8c4652121d7da,1264,2026-05-30T13:21:24.020417+00:00,paper or final artifact generation,True,not_neural_or_mixed
paper/tables/stage1_risk_diagnostics_summary.tex,latex_table,6c4994dce49d0e96011b95eaacf7820d5c13a6d86da339f5a3de1391a69ad4cf,1434,2026-05-30T13:25:14.110409+00:00,paper or final artifact generation,True,not_neural_or_mixed
paper/tables/statistical_comparison_summary.tex,latex_table,8657f0496e631a6c75769d142dea27e6b7d354a296cafe28520d9856202ae4b9,1747,2026-05-30T13:21:24.019417+00:00,paper or final artifact generation,True,not_neural_or_mixed
paper/tables/tuned_selection.tex,latex_table,ba9515850a1206a9a6a06262823b53d7ce561cda628705e5ad49f6953e4430c8,517,2026-05-24T21:30:08.599673+00:00,paper or final artifact generation,True,not_neural_or_mixed
paper/tables/var_backtesting_summary.tex,latex_table,c7ea00843e5f375d535511e51fecde47ca6384d82b59fdc261ad564eb7eae4cf,1695,2026-05-30T13:25:14.111409+00:00,paper or final artifact generation,True,not_neural_or_mixed
paper/tables/volatility_clustering_diagnostics.tex,latex_table,9f9ac4166285ca39c69b30b87537e464abe166aac7d2fe8c9798ca0248506c68,767,2026-05-31T16:37:56.317441+00:00,paper or final artifact generation,True,not_neural_or_mixed
